robustness_version,odds_availability,tour,slam,dimension,group_value,score_matches,upset_matches,calibration_matches,expected_upsets,actual_upsets,excess_upsets,expected_per_100,actual_per_100,excess_per_100,standardized_excess,brier_score,log_loss,score_tournament_editions,upset_tournament_editions,calibration_tournament_editions
slam-robustness-v1,observed_probability,ATP,Australian Open,all,all,2958,2958,2958,909.5793344147437,777,-132.5793344147437,30.74980846567761,26.267748478701826,-4.482059986975784,-5.4815193880608,0.17326415555500116,0.5209037811699041,25,25,25
slam-robustness-v1,observed_probability,ATP,Roland Garros,all,all,3036,3034,3034,945.1475023354426,820,-125.1475023354426,31.151862305057435,27.027027027027025,-4.1248352780304085,-5.083123069971282,0.17708420933392122,0.5293585139121533,25,25,25
slam-robustness-v1,observed_probability,ATP,US Open,all,all,2992,2991,2991,927.8157361376748,806,-121.81573613767478,31.020251960470574,26.947509194249417,-4.072742766221157,-4.997659927506037,0.17805560077910404,0.5311987512893642,25,25,25
slam-robustness-v1,observed_probability,ATP,Wimbledon,all,all,2933,2933,2933,954.3254039372795,804,-150.32540393727948,32.53751803400203,27.41220593249233,-5.125312101509699,-6.113699693070879,0.18344539877020197,0.5462922583311964,24,24,24
slam-robustness-v1,observed_probability,WTA,Australian Open,all,all,2382,2382,2382,650.5809691450412,690,39.419030854958805,27.312383255459327,28.967254408060455,1.6548711526011253,1.898199210665691,0.18735984307323325,0.5521508246939039,19,19,19
slam-robustness-v1,observed_probability,WTA,Roland Garros,all,all,2368,2368,2368,678.4226680504912,711,32.57733194950879,28.64960591429439,30.02533783783784,1.3757319235434455,1.543736198648225,0.19224126310871528,0.5642973886820757,19,19,19
slam-robustness-v1,observed_probability,WTA,US Open,all,all,2375,2375,2375,663.1936437274741,677,13.806356272525932,27.923942893788382,28.505263157894735,0.581320264106355,0.6603802306039364,0.18654515375744263,0.5529388755921083,19,19,19
slam-robustness-v1,observed_probability,WTA,Wimbledon,all,all,2242,2242,2242,668.861988441982,686,17.13801155801798,29.8332733471,30.597680642283674,0.7644072951836743,0.8221501402047723,0.19569670368779626,0.5742403102048197,18,18,18
slam-robustness-v1,observed_probability,ATP,Australian Open,year,2001,58,58,58,19.318485841317106,16,-3.3184858413171057,33.30773420916742,27.586206896551722,-5.721527312615699,-0.9474842883928781,0.1869699948506577,0.5542233247645918,1,1,1
slam-robustness-v1,observed_probability,ATP,Australian Open,year,2002,114,114,114,38.63453043971478,34,-4.63453043971478,33.88993898220595,29.82456140350877,-4.065377578697175,-0.9412330878586096,0.19278139257539068,0.5711071577621181,1,1,1
slam-robustness-v1,observed_probability,ATP,Australian Open,year,2003,112,112,112,37.02619582618772,33,-4.026195826187717,33.05910341623903,29.464285714285715,-3.594817701953319,-0.8317759457097923,0.18946307273750565,0.5598135256049279,1,1,1
slam-robustness-v1,observed_probability,ATP,Australian Open,year,2004,119,119,119,39.26797755447736,37,-2.267977554477362,32.998300465947366,31.092436974789916,-1.905863491157447,-0.4549627571267724,0.18998335335081334,0.5603103731694554,1,1,1
slam-robustness-v1,observed_probability,ATP,Australian Open,year,2005,121,121,121,37.89228856269093,31,-6.892288562690929,31.315940960901596,25.619834710743802,-5.696106250157793,-1.3902082744762612,0.17709610118069422,0.5311460930714597,1,1,1
slam-robustness-v1,observed_probability,ATP,Australian Open,year,2006,122,122,122,37.39904709385269,36,-1.3990470938526869,30.65495663430548,29.508196721311478,-1.1467599129940056,-0.28540824860694075,0.19274938298803862,0.5657874128079187,1,1,1
slam-robustness-v1,observed_probability,ATP,Australian Open,year,2007,120,120,120,36.1534028202407,30,-6.1534028202407,30.127835683533917,25.0,-5.127835683533917,-1.2621599117130877,0.15828045212411787,0.48622592113690094,1,1,1
slam-robustness-v1,observed_probability,ATP,Australian Open,year,2008,123,123,123,37.78512802492417,29,-8.78512802492417,30.719616280426152,23.577235772357724,-7.14238050806843,-1.7786275995429597,0.16982238224096613,0.5117642369369682,1,1,1
slam-robustness-v1,observed_probability,ATP,Australian Open,year,2009,123,123,123,37.07639897306998,29,-8.076398973069978,30.143413799243884,23.577235772357724,-6.566178026886161,-1.6451208980227956,0.15699768539810355,0.48555607969136266,1,1,1
slam-robustness-v1,observed_probability,ATP,Australian Open,year,2010,121,121,121,35.14329899440441,30,-5.143298994404411,29.044048755706125,24.793388429752067,-4.250660325954059,-1.0803828234382713,0.16696514525008424,0.5016543520999319,1,1,1
slam-robustness-v1,observed_probability,ATP,Australian Open,year,2011,122,122,122,35.147078825726965,37,1.8529211742730354,28.809081004694235,30.327868852459016,1.5187878477647831,0.38530806136320894,0.17066466780299538,0.5088349747436831,1,1,1
slam-robustness-v1,observed_probability,ATP,Australian Open,year,2012,118,118,118,34.28545773552511,31,-3.2854577355251067,29.055472657224666,26.271186440677965,-2.7842862165467004,-0.6989952661154075,0.1647285559712105,0.49377829285900754,1,1,1
slam-robustness-v1,observed_probability,ATP,Australian Open,year,2013,123,123,123,35.79681529881511,28,-7.796815298815112,29.103101868955374,22.764227642276424,-6.338874226678953,-1.6226641030093714,0.1504097086476392,0.46652178471573824,1,1,1
slam-robustness-v1,observed_probability,ATP,Australian Open,year,2014,116,116,116,34.65295015198356,29,-5.6529501519835605,29.873232889641,25.0,-4.873232889641,-1.2030647429139758,0.16608552406593388,0.4993846749856694,1,1,1
slam-robustness-v1,observed_probability,ATP,Australian Open,year,2015,123,123,123,36.516124484854835,29,-7.516124484854835,29.687906085247832,23.577235772357724,-6.110670312890109,-1.5431117400840353,0.158745023965761,0.4887292470600022,1,1,1
slam-robustness-v1,observed_probability,ATP,Australian Open,year,2016,121,121,121,35.69751701849764,20,-15.697517018497642,29.502080180576563,16.528925619834713,-12.973154560741854,-3.2527499803360302,0.14180940513388918,0.45142108989498264,1,1,1
slam-robustness-v1,observed_probability,ATP,Australian Open,year,2017,122,122,122,36.45011518466397,27,-9.450115184663971,29.87714359398686,22.13114754098361,-7.745996053003256,-1.9400543106982255,0.16788580451178908,0.5229080904140355,1,1,1
slam-robustness-v1,observed_probability,ATP,Australian Open,year,2018,123,123,123,37.41757975977578,34,-3.4175797597757835,30.420796552663237,27.642276422764226,-2.778520129899011,-0.6952168797607089,0.19079203627188274,0.5606154825155377,1,1,1
slam-robustness-v1,observed_probability,ATP,Australian Open,year,2019,120,120,120,37.33016642820955,34,-3.3301664282095516,31.10847202350796,28.333333333333336,-2.7751386901746264,-0.6814094982530138,0.17333850291634662,0.5211455542445167,1,1,1
slam-robustness-v1,observed_probability,ATP,Australian Open,year,2020,124,124,124,38.52799304195655,36,-2.527993041956549,31.07096213061012,29.032258064516128,-2.038704066093991,-0.5086773306877516,0.17325055296971134,0.5178069915425262,1,1,1
slam-robustness-v1,observed_probability,ATP,Australian Open,year,2021,121,121,121,38.62582051789108,35,-3.6258205178910785,31.922165717265354,28.925619834710744,-2.9965458825546105,-0.7345093370245823,0.18567217355976834,0.5456406249158356,1,1,1
slam-robustness-v1,observed_probability,ATP,Australian Open,year,2022,125,125,125,39.67910117648567,29,-10.679101176485673,31.74328094118854,23.200000000000003,-8.54328094118854,-2.122849436387117,0.17592565791630818,0.5307275068274013,1,1,1
slam-robustness-v1,observed_probability,ATP,Australian Open,year,2023,126,126,126,38.96838636616277,34,-4.968386366162768,30.927290766795846,26.984126984126984,-3.9431637826688637,-0.9905663134557846,0.18971249011865177,0.5616223117037603,1,1,1
slam-robustness-v1,observed_probability,ATP,Australian Open,year,2024,123,123,123,37.33122708311503,41,3.6687729168849685,30.350591124483763,33.333333333333336,2.982742208849568,0.7475211077076721,0.18225645431992096,0.5389376186796806,1,1,1
slam-robustness-v1,observed_probability,ATP,Australian Open,year,2025,118,118,118,37.45624721020302,28,-9.456247210203017,31.742582381527978,23.728813559322035,-8.013768822205947,-1.9355306094582765,0.16784158437903812,0.5075454674001658,1,1,1
slam-robustness-v1,observed_probability,ATP,Roland Garros,year,2001,116,116,116,38.2593254575772,41,2.740674542422802,32.98217711860103,35.3448275862069,2.3626504676058637,0.555825628133951,0.20431637468150673,0.5916250183813051,1,1,1
slam-robustness-v1,observed_probability,ATP,Roland Garros,year,2002,113,113,113,36.53559190462384,40,3.4644080953761573,32.33238221648128,35.39823008849558,3.0658478720142988,0.7175790292528474,0.21250176736901194,0.6107935175851583,1,1,1
slam-robustness-v1,observed_probability,ATP,Roland Garros,year,2003,118,118,118,38.95925625167354,33,-5.959256251673537,33.016318857350456,27.966101694915253,-5.0502171624352,-1.1998235738736451,0.18470496279138962,0.5516737807527794,1,1,1
slam-robustness-v1,observed_probability,ATP,Roland Garros,year,2004,121,121,121,40.03234879470775,42,1.967651205292249,33.08458578075021,34.710743801652896,1.6261580209026851,0.39183492782318785,0.21353671018461587,0.6167056683891687,1,1,1
slam-robustness-v1,observed_probability,ATP,Roland Garros,year,2005,122,122,122,38.268887249110314,42,3.731112750889686,31.367940368123207,34.42622950819672,3.058289140073513,0.7511958526609746,0.19244411812859022,0.559570663128946,1,1,1
slam-robustness-v1,observed_probability,ATP,Roland Garros,year,2006,118,118,118,36.605536291944794,33,-3.6055362919447944,31.021640925376943,27.966101694915253,-3.05553923046169,-0.7451181731757931,0.17837734610024703,0.53288608798949,1,1,1
slam-robustness-v1,observed_probability,ATP,Roland Garros,year,2007,119,119,119,36.05818157767313,40,3.941818422326868,30.300992922414398,33.61344537815126,3.312452455736864,0.817145469760217,0.18701633678274818,0.5470809378103878,1,1,1
slam-robustness-v1,observed_probability,ATP,Roland Garros,year,2008,125,125,125,39.09243011031197,32,-7.092430110311973,31.27394408824958,25.6,-5.673944088249579,-1.4158410191497095,0.17403202409911261,0.5226416207646738,1,1,1
slam-robustness-v1,observed_probability,ATP,Roland Garros,year,2009,120,120,120,35.88597253936319,32,-3.8859725393631876,29.904977116135992,26.666666666666668,-3.2383104494693233,-0.807674316129296,0.16449453324641938,0.4984371096545557,1,1,1
slam-robustness-v1,observed_probability,ATP,Roland Garros,year,2010,122,122,122,33.69104494492074,35,1.3089550550792595,27.61561061059077,28.688524590163937,1.0729139795731635,0.2763616883374735,0.17279469860624497,0.5188298663326233,1,1,1
slam-robustness-v1,observed_probability,ATP,Roland Garros,year,2011,124,124,124,37.03688274855051,31,-6.036882748550511,29.868453829476216,25.0,-4.868453829476218,-1.2297447666224883,0.17801458146501978,0.53389221091943,1,1,1
slam-robustness-v1,observed_probability,ATP,Roland Garros,year,2012,122,122,122,34.22532816739484,22,-12.225328167394842,28.053547678192494,18.0327868852459,-10.020760792946593,-2.572233348950812,0.1440972606047108,0.44921675124215865,1,1,1
slam-robustness-v1,observed_probability,ATP,Roland Garros,year,2013,120,120,120,36.6075814785887,19,-17.6075814785887,30.506317898823916,15.833333333333334,-14.672984565490584,-3.629406956295755,0.14056854306619446,0.44668780759045296,1,1,1
slam-robustness-v1,observed_probability,ATP,Roland Garros,year,2014,122,122,122,36.48733713855546,30,-6.487337138555461,29.907653392258574,24.59016393442623,-5.317489457832345,-1.3312474008421415,0.15525147249967075,0.4773642236981203,1,1,1
slam-robustness-v1,observed_probability,ATP,Roland Garros,year,2015,124,124,124,36.51131309986894,31,-5.511313099868943,29.444607338603983,25.0,-4.444607338603986,-1.1294874208982877,0.16587828034020405,0.49971813780402513,1,1,1
slam-robustness-v1,observed_probability,ATP,Roland Garros,year,2016,122,121,121,35.226305833990594,23,-12.226305833990594,29.112649449579003,19.00826446280992,-10.104384986769086,-2.5530876611441813,0.15644496739866187,0.478461003796051,1,1,1
slam-robustness-v1,observed_probability,ATP,Roland Garros,year,2017,120,120,120,36.631602379752316,29,-7.631602379752316,30.526335316460266,24.166666666666668,-6.359668649793597,-1.5637132009181987,0.1651308801487429,0.5065953606535231,1,1,1
slam-robustness-v1,observed_probability,ATP,Roland Garros,year,2018,125,125,125,39.743022744389535,36,-3.7430227443895348,31.79441819551163,28.8,-2.994418195511628,-0.742060347052263,0.17390563098996123,0.5234676751513924,1,1,1
slam-robustness-v1,observed_probability,ATP,Roland Garros,year,2019,125,125,125,39.778829027106774,27,-12.778829027106774,31.82306322168542,21.6,-10.22306322168542,-2.5335449925840416,0.16799124400578427,0.5094168768543027,1,1,1
slam-robustness-v1,observed_probability,ATP,Roland Garros,year,2020,125,125,125,41.572638673728804,42,0.42736132627119616,33.258110938983044,33.6,0.34188906101695693,0.08378737164244686,0.21057699184640916,0.6016601099789053,1,1,1
slam-robustness-v1,observed_probability,ATP,Roland Garros,year,2021,123,123,123,40.25227787548187,30,-10.252277875481873,32.72542916705843,24.390243902439025,-8.335185264619408,-2.030578759951286,0.17627435301741923,0.5307399811792672,1,1,1
slam-robustness-v1,observed_probability,ATP,Roland Garros,year,2022,124,124,124,38.410564747167044,30,-8.410564747167044,30.976261892876646,24.193548387096772,-6.782713505779873,-1.6941784819384482,0.1748526965481253,0.5241132394060063,1,1,1
slam-robustness-v1,observed_probability,ATP,Roland Garros,year,2023,124,123,123,40.80406425594651,37,-3.804064255946507,33.174035980444316,30.08130081300813,-3.0927351674361843,-0.7526565888739641,0.18916423293264087,0.5628644769122785,1,1,1
slam-robustness-v1,observed_probability,ATP,Roland Garros,year,2024,123,123,123,39.20448107068359,28,-11.204481070683592,31.873561846084222,22.764227642276424,-9.109334203807798,-2.238728247261385,0.16871123942878685,0.5110281762440043,1,1,1
slam-robustness-v1,observed_probability,ATP,Roland Garros,year,2025,119,119,119,39.26669797233085,35,-4.266697972330853,32.99722518683265,29.411764705882355,-3.585460480950297,-0.8627878293830596,0.17950539215919906,0.536614189176173,1,1,1
slam-robustness-v1,observed_probability,ATP,US Open,year,2001,120,120,120,37.56996458375424,27,-10.569964583754242,31.308303819795203,22.5,-8.808303819795203,-2.146549174902679,0.16768330396115308,0.509963517973261,1,1,1
slam-robustness-v1,observed_probability,ATP,US Open,year,2002,112,112,112,37.68138358872365,37,-0.6813835887236479,33.64409248993183,33.035714285714285,-0.6083782042175429,-0.14086423029661377,0.19136029475331595,0.5593251039089941,1,1,1
slam-robustness-v1,observed_probability,ATP,US Open,year,2003,122,122,122,39.92824286951971,29,-10.928242869519707,32.72806792583582,23.770491803278688,-8.957576122557137,-2.1659014072580853,0.17253229050665359,0.5229828324464084,1,1,1
slam-robustness-v1,observed_probability,ATP,US Open,year,2004,120,120,120,38.75070856724794,41,2.2492914327520594,32.292257139373284,34.16666666666667,1.874409527293383,0.45355276129395933,0.197882328945476,0.577791788331761,1,1,1
slam-robustness-v1,observed_probability,ATP,US Open,year,2005,123,123,123,39.51625009351654,28,-11.51625009351654,32.12703259635491,22.764227642276424,-9.362804954078488,-2.2996133941156542,0.16870646229578776,0.5152539024793183,1,1,1
slam-robustness-v1,observed_probability,ATP,US Open,year,2006,125,125,125,38.68548813340313,36,-2.6854881334031333,30.948390506722507,28.8,-2.1483905067225066,-0.5414686662947665,0.1810138188711808,0.5359162503955032,1,1,1
slam-robustness-v1,observed_probability,ATP,US Open,year,2007,119,119,119,36.66631106658227,32,-4.666311066582267,30.812026106371654,26.89075630252101,-3.921269803850645,-0.9607360455567449,0.17223445918759975,0.5177280384767996,1,1,1
slam-robustness-v1,observed_probability,ATP,US Open,year,2008,120,120,120,35.66122720406695,29,-6.661227204066947,29.717689336722458,24.166666666666668,-5.551022670055789,-1.3820065739876957,0.16197864196703102,0.4946145236511063,1,1,1
slam-robustness-v1,observed_probability,ATP,US Open,year,2009,123,123,123,36.004931321312434,28,-8.004931321312434,29.27230188724588,22.764227642276424,-6.508074244969458,-1.6616272580484126,0.15677427945829298,0.4787817887797483,1,1,1
slam-robustness-v1,observed_probability,ATP,US Open,year,2010,119,119,119,35.04164668198515,28,-7.041646681985149,29.44676191763458,23.529411764705884,-5.917350152928697,-1.4685343004578415,0.16173430346937834,0.49414945272250005,1,1,1
slam-robustness-v1,observed_probability,ATP,US Open,year,2011,116,116,116,34.17121558639425,24,-10.171215586394247,29.45794447102952,20.689655172413794,-8.768289298615729,-2.150439727687521,0.14517761860225478,0.45617243430599996,1,1,1
slam-robustness-v1,observed_probability,ATP,US Open,year,2012,123,123,123,35.04757447413676,26,-9.04757447413676,28.493962987103057,21.13821138211382,-7.355751604989235,-1.8845364338633221,0.16147448943275497,0.49019428772055745,1,1,1
slam-robustness-v1,observed_probability,ATP,US Open,year,2013,122,122,122,34.313354713029696,33,-1.313354713029696,28.12570058445057,27.049180327868854,-1.0765202565817182,-0.27670147778369214,0.18513586974273533,0.5421017102353168,1,1,1
slam-robustness-v1,observed_probability,ATP,US Open,year,2014,117,117,117,34.56002658189264,35,0.4399734181073569,29.5384842580279,29.914529914529915,0.37604565650201444,0.09313035852218643,0.18062106709479261,0.530012001750287,1,1,1
slam-robustness-v1,observed_probability,ATP,US Open,year,2015,113,113,113,32.31016817485111,24,-8.310168174851107,28.593069181284168,21.238938053097346,-7.354131128186821,-1.8054390673769019,0.15919816182006824,0.48740501507495293,1,1,1
slam-robustness-v1,observed_probability,ATP,US Open,year,2016,117,117,117,34.62298885317935,27,-7.622988853179351,29.592298165110556,23.076923076923077,-6.515375088187479,-1.6079005326526892,0.18205090583224504,0.5408727478499296,1,1,1
slam-robustness-v1,observed_probability,ATP,US Open,year,2017,121,121,121,38.77785655817598,39,0.22214344182401646,32.04781533733552,32.231404958677686,0.18358962134216236,0.04475807996789201,0.20105304469414087,0.5849546059461551,1,1,1
slam-robustness-v1,observed_probability,ATP,US Open,year,2018,114,114,114,35.03262332720044,24,-11.03262332720044,30.73037133964951,21.052631578947366,-9.67773976070214,-2.3326064195828877,0.16197166241815505,0.4998464869006571,1,1,1
slam-robustness-v1,observed_probability,ATP,US Open,year,2019,120,120,120,38.53692233705282,45,6.463077662947178,32.11410194754402,37.5,5.385898052455982,1.311276903047574,0.2089272563716076,0.6007549057474226,1,1,1
slam-robustness-v1,observed_probability,ATP,US Open,year,2020,124,124,124,42.821850684916356,38,-4.821850684916356,34.5337505523519,30.64516129032258,-3.888589262029319,-0.9336178570017938,0.19172760915067583,0.5678352323176017,1,1,1
slam-robustness-v1,observed_probability,ATP,US Open,year,2021,122,122,122,40.72091211034282,36,-4.720912110342823,33.37779681175641,29.508196721311478,-3.869600090444937,-0.9365017213089452,0.19768193840243825,0.5764338875905393,1,1,1
slam-robustness-v1,observed_probability,ATP,US Open,year,2022,120,120,120,38.8740523769278,30,-8.8740523769278,32.395043647439834,25.0,-7.395043647439834,-1.7873518451694808,0.18174086944020987,0.5433347173394885,1,1,1
slam-robustness-v1,observed_probability,ATP,US Open,year,2023,121,120,120,38.692423882675186,40,1.307576117324814,32.24368656889599,33.333333333333336,1.089646764437345,0.26477925860304363,0.18948157181744094,0.5546505319943578,1,1,1
slam-robustness-v1,observed_probability,ATP,US Open,year,2024,119,119,119,37.17964665409981,35,-2.1796466540998125,31.243400549663708,29.411764705882355,-1.8316358437813551,-0.4464044734968335,0.1862998986620832,0.5515933271420057,1,1,1
slam-robustness-v1,observed_probability,ATP,US Open,year,2025,120,120,120,36.647965712687764,35,-1.647965712687764,30.539971427239806,29.166666666666668,-1.3733047605731368,-0.33974793202324216,0.18484428654027954,0.5423870706166014,1,1,1
slam-robustness-v1,observed_probability,ATP,Wimbledon,year,2001,120,120,120,41.36101055689544,41,-0.3610105568954367,34.46750879741287,34.16666666666667,-0.30084213074619726,-0.07086853857568688,0.20107409701027515,0.5843602277394131,1,1,1
slam-robustness-v1,observed_probability,ATP,Wimbledon,year,2002,122,122,122,41.52648215583914,38,-3.5264821558391404,34.038100127737,31.147540983606557,-2.890559144130443,-0.6908255628946072,0.21119605217969195,0.6106822975829433,1,1,1
slam-robustness-v1,observed_probability,ATP,Wimbledon,year,2003,123,123,123,42.54134874406328,38,-4.541348744063278,34.58646239354738,30.89430894308943,-3.6921534504579494,-0.8811672306779702,0.2082815390774885,0.6046095706194407,1,1,1
slam-robustness-v1,observed_probability,ATP,Wimbledon,year,2004,126,126,126,43.30950367820615,39,-4.309503678206148,34.37262196683027,30.95238095238095,-3.420241014449324,-0.8320841804418037,0.20286011992289532,0.5868504576527249,1,1,1
slam-robustness-v1,observed_probability,ATP,Wimbledon,year,2005,123,123,123,39.74350337783035,35,-4.743503377830351,32.311791364089714,28.455284552845526,-3.8565068112441874,-0.9411228995229889,0.1769926979702223,0.5321831541257106,1,1,1
slam-robustness-v1,observed_probability,ATP,Wimbledon,year,2006,124,124,124,40.50126093095318,31,-9.50126093095318,32.6623072023816,25.0,-7.662307202381596,-1.8786744383960454,0.17645889192919317,0.5281393470705419,1,1,1
slam-robustness-v1,observed_probability,ATP,Wimbledon,year,2007,123,123,123,39.95307949562803,30,-9.953079495628032,32.48217845173011,24.390243902439025,-8.091934549291082,-1.9739569087178017,0.16273973189077923,0.49843380196999076,1,1,1
slam-robustness-v1,observed_probability,ATP,Wimbledon,year,2008,116,116,116,37.602281303296174,28,-9.602281303296174,32.415759744220836,24.137931034482758,-8.27782870973808,-1.969080987992624,0.18771825084443206,0.5580562876876957,1,1,1
slam-robustness-v1,observed_probability,ATP,Wimbledon,year,2009,119,119,119,36.38731499626337,27,-9.38731499626337,30.577575627112076,22.689075630252102,-7.888499996859975,-1.9291305776412933,0.15678975913716559,0.48197824604021366,1,1,1
slam-robustness-v1,observed_probability,ATP,Wimbledon,year,2010,121,121,121,36.76092917976773,32,-4.760929179767729,30.380933206419613,26.446280991735538,-3.9346522146840734,-0.972183086926131,0.18629870339130322,0.5563804871820941,1,1,1
slam-robustness-v1,observed_probability,ATP,Wimbledon,year,2011,122,122,122,35.925579431211524,29,-6.925579431211524,29.447196255091413,23.770491803278688,-5.676704451812725,-1.4282284274239614,0.1764963145029095,0.5269647524131608,1,1,1
slam-robustness-v1,observed_probability,ATP,Wimbledon,year,2012,122,122,122,38.50191943125926,34,-4.50191943125926,31.5589503534912,27.868852459016395,-3.6900978944748037,-0.9116734172386746,0.17472420306481884,0.5280649417762712,1,1,1
slam-robustness-v1,observed_probability,ATP,Wimbledon,year,2013,117,117,117,36.49837952308337,33,-3.498379523083372,31.195196173575532,28.205128205128204,-2.9900679684473266,-0.7217831878246688,0.18214132874286387,0.5491090763915583,1,1,1
slam-robustness-v1,observed_probability,ATP,Wimbledon,year,2014,126,126,126,37.726673597994115,31,-6.726673597994115,29.94180444285247,24.6031746031746,-5.338629839677869,-1.3590713516532646,0.1641595310617763,0.5051844053854435,1,1,1
slam-robustness-v1,observed_probability,ATP,Wimbledon,year,2015,124,124,124,38.00945997481794,31,-7.009459974817943,30.652790302272532,25.0,-5.6527903022725345,-1.4159974973440517,0.16534022601991316,0.5017087462818086,1,1,1
slam-robustness-v1,observed_probability,ATP,Wimbledon,year,2016,124,124,124,39.283855438738115,30,-9.283855438738115,31.68052857962751,24.193548387096772,-7.486980192530738,-1.8563149704995334,0.16842069695554657,0.5165017095524729,1,1,1
slam-robustness-v1,observed_probability,ATP,Wimbledon,year,2017,117,117,117,36.356904550021135,25,-11.356904550021135,31.074277393180456,21.367521367521366,-9.70675602565909,-2.346814213762827,0.16961388278270623,0.5141997320769139,1,1,1
slam-robustness-v1,observed_probability,ATP,Wimbledon,year,2018,126,126,126,41.07655489739615,37,-4.07655489739615,32.60044039475885,29.365079365079364,-3.235361029679484,-0.7978168232784579,0.19669625412563818,0.5746340156005284,1,1,1
slam-robustness-v1,observed_probability,ATP,Wimbledon,year,2019,124,124,124,40.63222848278511,39,-1.6322284827851092,32.76792619579444,31.451612903225804,-1.3163132925686365,-0.32211740429161617,0.19566204458490824,0.571631294793849,1,1,1
slam-robustness-v1,observed_probability,ATP,Wimbledon,year,2021,123,123,123,43.00479117528098,41,-2.004791175280978,34.96324485795201,33.333333333333336,-1.6299115246186815,-0.3890315881038517,0.19453488497713858,0.5724170769760463,1,1,1
slam-robustness-v1,observed_probability,ATP,Wimbledon,year,2022,122,122,122,42.419576656771035,26,-16.419576656771035,34.770144800631996,21.311475409836067,-13.458669390795931,-3.2013787955395454,0.16960526391850744,0.5182375310857972,1,1,1
slam-robustness-v1,observed_probability,ATP,Wimbledon,year,2023,126,126,126,43.58428252087559,33,-10.58428252087559,34.59070041339332,26.19047619047619,-8.400224222917135,-2.036286181301506,0.18487388517319545,0.5489797217333932,1,1,1
slam-robustness-v1,observed_probability,ATP,Wimbledon,year,2024,121,121,121,40.20758852709987,35,-5.2075885270998725,33.229412005867665,28.925619834710744,-4.303792171156919,-1.0379138490592175,0.18133181355518554,0.5391729369792023,1,1,1
slam-robustness-v1,observed_probability,ATP,Wimbledon,year,2025,122,122,122,41.41089531120247,41,-0.4108953112024665,33.94335681246104,33.60655737704918,-0.33679943541185775,-0.08107967852163743,0.20780881414904306,0.6008979179307353,1,1,1
slam-robustness-v1,observed_probability,WTA,Australian Open,year,2007,126,126,126,31.96199149864642,30,-1.9619914986464195,25.36665991956065,23.809523809523807,-1.5571361100368408,-0.42424353067368,0.15525619399134388,0.47349165378875413,1,1,1
slam-robustness-v1,observed_probability,WTA,Australian Open,year,2008,125,125,125,30.316464553629014,38,7.6835354463709855,24.25317164290321,30.400000000000002,6.146828357096789,1.7061052978761981,0.18249113067539108,0.5366139104290555,1,1,1
slam-robustness-v1,observed_probability,WTA,Australian Open,year,2009,122,122,122,32.22879960525689,34,1.7712003947431114,26.41704885676794,27.868852459016395,1.451803602248452,0.38280531206515406,0.17926297310147865,0.5380946452444161,1,1,1
slam-robustness-v1,observed_probability,WTA,Australian Open,year,2010,126,126,126,31.84460362913699,31,-0.8446036291369907,25.273494943759516,24.6031746031746,-0.6703203405849132,-0.1822461144534398,0.167246546487886,0.499091371668251,1,1,1
slam-robustness-v1,observed_probability,WTA,Australian Open,year,2011,126,126,126,32.37914139409601,33,0.6208586059039902,25.69773126515556,26.19047619047619,0.49274492532062714,0.13290168572321964,0.17354409170366272,0.5163856963379103,1,1,1
slam-robustness-v1,observed_probability,WTA,Australian Open,year,2012,123,123,123,31.26323990946275,31,-0.2632399094627509,25.417268219075407,25.203252032520325,-0.214016186555082,-0.05723380550515916,0.1772486879747215,0.5362839033878195,1,1,1
slam-robustness-v1,observed_probability,WTA,Australian Open,year,2013,127,127,127,33.34062875592244,35,1.6593712440775619,26.252463587340504,27.559055118110237,1.3065915307697338,0.3523715851911896,0.17807034503450467,0.5328708682738051,1,1,1
slam-robustness-v1,observed_probability,WTA,Australian Open,year,2014,126,126,126,33.166045765230464,33,-0.16604576523046433,26.3222585438337,26.19047619047619,-0.13178235335751137,-0.035204827529840534,0.19045051817113695,0.5620872912479054,1,1,1
slam-robustness-v1,observed_probability,WTA,Australian Open,year,2015,127,127,127,34.352452058045046,38,3.6475479419549544,27.049174848854367,29.921259842519685,2.8720849936653186,0.759439853989085,0.19406015003659946,0.5694816167626063,1,1,1
slam-robustness-v1,observed_probability,WTA,Australian Open,year,2016,126,126,126,34.413918157171885,45,10.586081842828115,27.312633458072924,35.714285714285715,8.40165225621279,2.218747609714189,0.21831102653360393,0.6245303900416709,1,1,1
slam-robustness-v1,observed_probability,WTA,Australian Open,year,2017,123,123,123,35.809111780020196,37,1.1908882199798043,29.1130990081465,30.08130081300813,0.9682018048616295,0.24684098752637865,0.20220083585053972,0.5878397016250368,1,1,1
slam-robustness-v1,observed_probability,WTA,Australian Open,year,2018,127,127,127,38.00409659902001,41,2.9959034009799907,29.92448551103938,32.28346456692913,2.3589790558897565,0.6066029944655398,0.19981895568626667,0.5798810377983316,1,1,1
slam-robustness-v1,observed_probability,WTA,Australian Open,year,2019,125,125,125,35.458050639977046,34,-1.4580506399770456,28.366440511981637,27.200000000000003,-1.1664405119816366,-0.3017432446957938,0.17827513102743112,0.5287110319882954,1,1,1
slam-robustness-v1,observed_probability,WTA,Australian Open,year,2020,127,127,127,37.134270288790404,41,3.865729711209596,29.239582904559374,32.28346456692913,3.0438816623697607,0.7812577463693468,0.1955496900794669,0.5681797892529614,1,1,1
slam-robustness-v1,observed_probability,WTA,Australian Open,year,2021,126,126,126,36.72477655752782,31,-5.724776557527818,29.146648061530012,24.6031746031746,-4.543473458355411,-1.1641336798831916,0.1752949870664419,0.5233390147974657,1,1,1
slam-robustness-v1,observed_probability,WTA,Australian Open,year,2022,123,123,123,34.52287819685212,35,0.477121803147881,28.06738064784725,28.455284552845526,0.3879039049982772,0.0997442205516737,0.183225921010053,0.5407026617152986,1,1,1
slam-robustness-v1,observed_probability,WTA,Australian Open,year,2023,127,127,127,37.76499334601575,40,2.23500665398425,29.736215233083268,31.496062992125985,1.7598477590427168,0.4504681607875833,0.19614831798038337,0.5796718156186971,1,1,1
slam-robustness-v1,observed_probability,WTA,Australian Open,year,2024,124,124,124,34.376637694918784,48,13.623362305081216,27.723094915257082,38.70967741935483,10.986582504097754,2.8522155356663728,0.24412094395389325,0.6864756711909644,1,1,1
slam-robustness-v1,observed_probability,WTA,Australian Open,year,2025,126,126,126,35.51886871532108,35,-0.5188687153210765,28.189578345492915,27.777777777777775,-0.41180056771514006,-0.10711357261970059,0.16959486409668023,0.5081593015223098,1,1,1
slam-robustness-v1,observed_probability,WTA,Roland Garros,year,2007,126,126,126,31.951433849735686,28,-3.951433849735686,25.35828083312356,22.22222222222222,-3.1360586109013378,-0.8497794171842364,0.15257691274530139,0.46325038701564336,1,1,1
slam-robustness-v1,observed_probability,WTA,Roland Garros,year,2008,126,126,126,34.78646950502754,41,6.21353049497246,27.608309130974238,32.53968253968254,4.931373408708302,1.304883775761201,0.18369164361159818,0.536712638281692,1,1,1
slam-robustness-v1,observed_probability,WTA,Roland Garros,year,2009,125,125,125,35.677588963589834,33,-2.677588963589834,28.542071170871868,26.400000000000002,-2.142071170871867,-0.5585925051201186,0.1898710429350478,0.5579030168966482,1,1,1
slam-robustness-v1,observed_probability,WTA,Roland Garros,year,2010,126,126,126,33.883153330472226,34,0.11684666952777434,26.891391532120814,26.984126984126984,0.0927354520061701,0.024621521720541814,0.17574871038018752,0.5210907105822934,1,1,1
slam-robustness-v1,observed_probability,WTA,Roland Garros,year,2011,125,125,125,34.250278609692344,38,3.7497213903076556,27.400222887753877,30.400000000000002,2.9997771122461248,0.7838011306623204,0.18914810457373507,0.5613323438974448,1,1,1
slam-robustness-v1,observed_probability,WTA,Roland Garros,year,2012,125,125,125,33.70959522448322,44,10.290404775516777,26.96767617958658,35.2,8.232323820413422,2.1746980902168667,0.20063821553807937,0.5766924342648758,1,1,1
slam-robustness-v1,observed_probability,WTA,Roland Garros,year,2013,127,127,127,35.29024517988801,31,-4.290245179888011,27.78759462983308,24.40944881889764,-3.378145810935442,-0.8925943592996773,0.16525974418728273,0.49631310766720804,1,1,1
slam-robustness-v1,observed_probability,WTA,Roland Garros,year,2014,123,123,123,33.54604298376064,38,4.453957016239357,27.27320567785418,30.89430894308943,3.62110326523525,0.9433593714955931,0.2017381219481608,0.6010195347533116,1,1,1
slam-robustness-v1,observed_probability,WTA,Roland Garros,year,2015,124,124,124,35.96720658340003,37,1.0327934165999721,29.005811760806473,29.838709677419352,0.8328979166128807,0.2131216705780986,0.1895506498488156,0.5603222048129253,1,1,1
slam-robustness-v1,observed_probability,WTA,Roland Garros,year,2016,125,125,125,37.57509855329569,37,-0.5750985532956889,30.060078842636553,29.6,-0.4600788426365512,-0.11659494010506208,0.1892693996457624,0.5579578516117004,1,1,1
slam-robustness-v1,observed_probability,WTA,Roland Garros,year,2017,126,126,126,37.605373679823366,39,1.3946263201766342,29.84553466652648,30.95238095238095,1.1068462858544716,0.27927301143646166,0.20882501026472963,0.6040398540860474,1,1,1
slam-robustness-v1,observed_probability,WTA,Roland Garros,year,2018,125,125,125,38.23063581408293,34,-4.23063581408293,30.584508651266347,27.200000000000003,-3.3845086512663443,-0.8507789015226968,0.17940329505001004,0.535244893744917,1,1,1
slam-robustness-v1,observed_probability,WTA,Roland Garros,year,2019,123,123,123,36.83506118355052,36,-0.835061183550522,29.947204214268716,29.268292682926827,-0.6789115313418878,-0.17090620732962758,0.19887213499698816,0.578512315582366,1,1,1
slam-robustness-v1,observed_probability,WTA,Roland Garros,year,2020,124,124,124,36.515707473343085,49,12.484292526656915,29.448151188179907,39.516129032258064,10.067977844078158,2.543240935414199,0.23708831805878966,0.6725994252279068,1,1,1
slam-robustness-v1,observed_probability,WTA,Roland Garros,year,2021,123,123,123,37.612588604251265,37,-0.6125886042512647,30.579340328659566,30.08130081300813,-0.4980395156514347,-0.123937984417839,0.19696289467112005,0.5752712554538483,1,1,1
slam-robustness-v1,observed_probability,WTA,Roland Garros,year,2022,120,120,120,34.8695263122704,35,0.130473687729598,29.05793859355867,29.166666666666668,0.10872807310799834,0.02712238041244462,0.19655072614157615,0.5785994028982099,1,1,1
slam-robustness-v1,observed_probability,WTA,Roland Garros,year,2023,122,122,122,38.71839654732999,48,9.281603452670012,31.736390612565565,39.34426229508197,7.607871682516404,1.8782093161372608,0.2135863955807433,0.6138555095664487,1,1,1
slam-robustness-v1,observed_probability,WTA,Roland Garros,year,2024,126,126,126,36.439249688833684,36,-0.43924968883368365,28.920039435582286,28.57142857142857,-0.34861086415371717,-0.08975885329565493,0.19647185686902582,0.5735268347950521,1,1,1
slam-robustness-v1,observed_probability,WTA,Roland Garros,year,2025,127,127,127,34.95901596366143,36,1.0409840363385712,27.526784223355456,28.34645669291339,0.81967246955793,0.2148411040747267,0.18951282186545104,0.5630834330830801,1,1,1
slam-robustness-v1,observed_probability,WTA,US Open,year,2007,127,127,127,31.821852180313766,34,2.1781478196862345,25.0565765199321,26.77165354330709,1.715077023374988,0.47447630097318344,0.15810271481370813,0.4745559172019593,1,1,1
slam-robustness-v1,observed_probability,WTA,US Open,year,2008,126,126,126,33.12070428808724,34,0.8792957119127607,26.28627324451368,26.984126984126984,0.6978537396133021,0.18771650780844557,0.17767869139789683,0.5341450178484276,1,1,1
slam-robustness-v1,observed_probability,WTA,US Open,year,2009,126,126,126,32.783036799613676,32,-0.7830367996136758,26.018283174296567,25.396825396825395,-0.6214577774711713,-0.1673802563771405,0.17891777427977343,0.5450628976767908,1,1,1
slam-robustness-v1,observed_probability,WTA,US Open,year,2010,124,124,124,32.89068696528927,31,-1.8906869652892695,26.524747552652634,25.0,-1.5247475526526366,-0.40139462832491296,0.16530877178770811,0.4943449372622926,1,1,1
slam-robustness-v1,observed_probability,WTA,US Open,year,2011,121,121,121,31.84977917277158,34,2.15022082722842,26.32213154774511,28.09917355371901,1.777042005973901,0.46483271374514956,0.1865948958981645,0.5540020354374402,1,1,1
slam-robustness-v1,observed_probability,WTA,US Open,year,2012,124,124,124,33.28601296573598,38,4.713987034264022,26.843558843335465,30.64516129032258,3.8016024469871144,1.013596038896392,0.19653064097149336,0.578355275473394,1,1,1
slam-robustness-v1,observed_probability,WTA,US Open,year,2013,127,127,127,32.00440222510905,35,2.9955977748909532,25.20031671268429,27.559055118110237,2.3587384054259477,0.6401355040604676,0.1835012069482625,0.5449415532690828,1,1,1
slam-robustness-v1,observed_probability,WTA,US Open,year,2014,124,124,124,31.929382911263247,38,6.070617088736753,25.74950234779294,30.64516129032258,4.895658942529639,1.3117401517380316,0.19798936384462265,0.5853265300645891,1,1,1
slam-robustness-v1,observed_probability,WTA,US Open,year,2015,124,124,124,36.41019979254811,47,10.589800207451887,29.36306434882912,37.90322580645161,8.540161457622489,2.186962728551259,0.22217303110169984,0.6408474453959601,1,1,1
slam-robustness-v1,observed_probability,WTA,US Open,year,2016,125,125,125,37.691110205298465,33,-4.691110205298465,30.152888164238774,26.400000000000002,-3.752888164238772,-0.9494455815241526,0.19031287629545648,0.5582958639696313,1,1,1
slam-robustness-v1,observed_probability,WTA,US Open,year,2017,127,127,127,39.02761764312405,40,0.9723823568759471,30.730407593011066,31.496062992125985,0.765655399114919,0.1941259484183898,0.1983153573768842,0.5781070872573634,1,1,1
slam-robustness-v1,observed_probability,WTA,US Open,year,2018,126,126,126,36.738790029137434,38,1.2612099708625664,29.157769864394787,30.158730158730158,1.0009602943353701,0.2566970976577829,0.1836777659706944,0.5452560358553956,1,1,1
slam-robustness-v1,observed_probability,WTA,US Open,year,2019,125,125,125,37.47604469444297,32,-5.476044694442969,29.980835755554377,25.6,-4.380835755554375,-1.1095949145985282,0.180096853892188,0.538874674368914,1,1,1
slam-robustness-v1,observed_probability,WTA,US Open,year,2020,126,126,126,36.15405346227707,37,0.8459465377229307,28.693693224029417,29.365079365079364,0.671386141049945,0.1728729807933464,0.18907155136531054,0.5581305677410966,1,1,1
slam-robustness-v1,observed_probability,WTA,US Open,year,2021,126,126,126,37.15142412969526,35,-2.1514241296952576,29.485257245789885,27.777777777777775,-1.7074794680121093,-0.43821222475126415,0.1988471158957306,0.5860329850643431,1,1,1
slam-robustness-v1,observed_probability,WTA,US Open,year,2022,125,125,125,37.44644465137073,36,-1.446444651370733,29.957155721096587,28.8,-1.1571557210965864,-0.29214734469586967,0.19244886298045497,0.5703795621438483,1,1,1
slam-robustness-v1,observed_probability,WTA,US Open,year,2023,126,126,126,36.463698836810636,37,0.5363011631893642,28.93944352127828,29.365079365079364,0.42563584380108266,0.10966226765720048,0.18306508079422845,0.5398477446911142,1,1,1
slam-robustness-v1,observed_probability,WTA,US Open,year,2024,122,122,122,33.688813816343576,33,-0.6888138163435755,27.61378181667506,27.049180327868854,-0.5646014888062094,-0.14508262375349007,0.17563341348617517,0.5223015491561613,1,1,1
slam-robustness-v1,observed_probability,WTA,US Open,year,2025,124,124,124,35.25958895824121,33,-2.25958895824121,28.435152385678393,26.61290322580645,-1.8222491598719432,-0.4692119710115681,0.18649741233987882,0.5581207432226757,1,1,1
slam-robustness-v1,observed_probability,WTA,Wimbledon,year,2007,126,126,126,32.88871999871671,27,-5.888719998716709,26.102158729140243,21.428571428571427,-4.673587300568816,-1.2544490978413745,0.159552519480243,0.48483286289112526,1,1,1
slam-robustness-v1,observed_probability,WTA,Wimbledon,year,2008,124,124,124,34.01359154483363,37,2.9864084551663694,27.430315761962603,29.838709677419352,2.4083939154567493,0.6279890616802332,0.18776964674815938,0.5591685980911901,1,1,1
slam-robustness-v1,observed_probability,WTA,Wimbledon,year,2009,123,123,123,34.63175258321872,33,-1.63175258321872,28.15589640912091,26.829268292682926,-1.3266281164379838,-0.34203617659338703,0.17282978146921651,0.5182368134554625,1,1,1
slam-robustness-v1,observed_probability,WTA,Wimbledon,year,2010,124,124,124,34.04375226549418,40,5.956247734505823,27.454638923785627,32.25806451612903,4.803425592343405,1.2591711895794961,0.2000681899062765,0.5781964212010515,1,1,1
slam-robustness-v1,observed_probability,WTA,Wimbledon,year,2011,125,125,125,34.949731860613156,35,0.05026813938684427,27.959785488490525,28.0,0.040214511509475415,0.010485283932881022,0.19039784376350027,0.5682287632311394,1,1,1
slam-robustness-v1,observed_probability,WTA,Wimbledon,year,2012,125,125,125,35.83037563694196,36,0.16962436305804118,28.66430050955357,28.8,0.13569949044643295,0.03504544293542609,0.18820396032974915,0.5558636166263392,1,1,1
slam-robustness-v1,observed_probability,WTA,Wimbledon,year,2013,124,124,124,39.81588324565839,36,-3.815883245658391,32.10958326262773,29.032258064516128,-3.0773251981116054,-0.7634331309600906,0.2111146950839992,0.6221643875527901,1,1,1
slam-robustness-v1,observed_probability,WTA,Wimbledon,year,2014,126,126,126,37.37520229531679,44,6.6247977046832105,29.662858964537133,34.92063492063492,5.2577759560977855,1.3459781786501583,0.20856253342475847,0.604868316241502,1,1,1
slam-robustness-v1,observed_probability,WTA,Wimbledon,year,2015,125,125,125,35.25982490042756,41,5.74017509957244,28.20785992034205,32.800000000000004,4.592140079657952,1.1865805832977099,0.19315187576325085,0.5635043827855664,1,1,1
slam-robustness-v1,observed_probability,WTA,Wimbledon,year,2016,124,124,124,38.60436982493225,35,-3.604369824932249,31.13255631042923,28.2258064516129,-2.9067498588163296,-0.7234755428413405,0.18147178194880148,0.5394965509640987,1,1,1
slam-robustness-v1,observed_probability,WTA,Wimbledon,year,2017,125,125,125,40.58749221768355,35,-5.587492217683547,32.469993774146836,28.0,-4.469993774146838,-1.097707232899616,0.18155966008782917,0.5435156941048237,1,1,1
slam-robustness-v1,observed_probability,WTA,Wimbledon,year,2018,127,127,127,39.642263760754226,48,8.357736239245774,31.214380913979706,37.795275590551185,6.580894676571476,1.6658389557705477,0.22375933473150267,0.639632930789041,1,1,1
slam-robustness-v1,observed_probability,WTA,Wimbledon,year,2019,124,124,124,36.632057020658735,43,6.367942979341265,29.54198146827317,34.677419354838705,5.135437886565536,1.2948627053261705,0.2100899629346719,0.6071642463804825,1,1,1
slam-robustness-v1,observed_probability,WTA,Wimbledon,year,2021,125,125,125,39.57495231448893,36,-3.5749523144889324,31.65996185159115,28.8,-2.8599618515911462,-0.7044605351087808,0.19185227523473003,0.5651876827271238,1,1,1
slam-robustness-v1,observed_probability,WTA,Wimbledon,year,2022,124,124,124,38.05963846516217,49,10.940361534837827,30.693256826743685,39.516129032258064,8.822872205514376,2.2034440163811606,0.23064193829950289,0.6552081536437159,1,1,1
slam-robustness-v1,observed_probability,WTA,Wimbledon,year,2023,123,123,123,38.74016470567472,35,-3.7401647056747223,31.49606886640221,28.455284552845526,-3.0407843135566845,-0.7491145102728998,0.17980931349631918,0.5375623809312453,1,1,1
slam-robustness-v1,observed_probability,WTA,Wimbledon,year,2024,123,123,123,39.193234777490545,41,1.8067652225094548,31.864418518284996,33.333333333333336,1.4689148150483373,0.3613104757590138,0.21007963214203296,0.6046466198806155,1,1,1
slam-robustness-v1,observed_probability,WTA,Wimbledon,year,2025,125,125,125,39.01898102391613,35,-4.018981023916133,31.215184819132908,28.0,-3.2151848191329067,-0.7990964604436911,0.2013488120739192,0.588202365901567,1,1,1
slam-robustness-v1,observed_probability,ATP,Australian Open,round,F,24,24,24,7.447331057222733,6,-1.4473310572227334,31.030546071761393,25.0,-6.030546071761389,-0.660462354158363,0.16200981175982485,0.4968519177662239,24,24,24
slam-robustness-v1,observed_probability,ATP,Australian Open,round,QF,90,90,90,26.0615698460961,27,0.9384301539039015,28.957299828995666,30.0,1.042700171004335,0.2260119393883785,0.1793902054649918,0.5343909463121217,25,25,25
slam-robustness-v1,observed_probability,ATP,Australian Open,round,R128,1458,1458,1458,478.3094926405061,409,-69.30949264050611,32.80586369276448,28.052126200274348,-4.753737492490131,-3.9958274230929978,0.17939778166994047,0.534492582100169,25,25,25
slam-robustness-v1,observed_probability,ATP,Australian Open,round,R16,191,191,191,55.428386233581485,49,-6.4283862335814845,29.020097504492924,25.654450261780106,-3.3656472427128192,-1.0680775262304485,0.18054419368810715,0.5385544397064956,25,25,25
slam-robustness-v1,observed_probability,ATP,Australian Open,round,R32,378,378,378,111.0629187217231,89,-22.062918721723094,29.381724529556372,23.544973544973544,-5.836750984582829,-2.59880648382815,0.15993053293219803,0.48914012115124506,25,25,25
slam-robustness-v1,observed_probability,ATP,Australian Open,round,R64,771,771,771,217.4875097928514,184,-33.4875097928514,28.208496730590326,23.865110246433204,-4.34338648415712,-2.783734247477613,0.16466653421818306,0.5022277629157282,25,25,25
slam-robustness-v1,observed_probability,ATP,Australian Open,round,SF,46,46,46,13.782126122766151,13,-0.7821261227661509,29.961143745143804,28.26086956521739,-1.700274179926415,-0.259668323279023,0.19618417734383603,0.5771108655849979,24,24,24
slam-robustness-v1,observed_probability,ATP,Roland Garros,round,F,25,25,25,8.204738364880795,7,-1.2047383648807948,32.81895345952318,28.0,-4.818953459523179,-0.5299348833349509,0.19116791203775615,0.575472727165847,25,25,25
slam-robustness-v1,observed_probability,ATP,Roland Garros,round,QF,96,96,96,28.830792305983515,26,-2.8307923059835147,30.03207531873283,27.083333333333336,-2.9487419853994945,-0.6493020100257774,0.18186352237152323,0.5402706724049574,25,25,25
slam-robustness-v1,observed_probability,ATP,Roland Garros,round,R128,1528,1526,1526,509.5784259019678,453,-56.57842590196782,33.39308164495202,29.685452162516384,-3.707629482435637,-3.17120491149233,0.1888849805034479,0.5567559985281942,25,25,25
slam-robustness-v1,observed_probability,ATP,Roland Garros,round,R16,191,191,191,51.8768036314934,37,-14.876803631493402,27.160630173556754,19.3717277486911,-7.788902424865656,-2.516508724548915,0.1466605740323677,0.45913871497699144,25,25,25
slam-robustness-v1,observed_probability,ATP,Roland Garros,round,R32,379,379,379,107.98751943310691,92,-15.987519433106911,28.49274919079338,24.274406332453825,-4.218342858339555,-1.8901477579235493,0.15445348491454747,0.47654841964070244,25,25,25
slam-robustness-v1,observed_probability,ATP,Roland Garros,round,R64,770,770,770,223.5582792545946,191,-32.558279254594595,29.033542760336957,24.8051948051948,-4.228347955142155,-2.681434912423914,0.1707062581910331,0.5140993891610594,25,25,25
slam-robustness-v1,observed_probability,ATP,Roland Garros,round,SF,47,47,47,15.110943443415815,14,-1.110943443415815,32.150943496629395,29.78723404255319,-2.363709454076202,-0.3558944069748139,0.18679689680884015,0.5530341382499477,25,25,25
slam-robustness-v1,observed_probability,ATP,US Open,round,F,25,25,25,8.53310185850134,7,-1.5331018585013396,34.13240743400536,28.0,-6.1324074340053585,-0.6599911748272455,0.20701837486604757,0.6106892793052193,25,25,25
slam-robustness-v1,observed_probability,ATP,US Open,round,QF,96,96,96,28.279958707020544,25,-3.279958707020544,29.45829031981307,26.041666666666668,-3.4166236531464005,-0.7631256749165541,0.18693365201142206,0.5588111629986681,25,25,25
slam-robustness-v1,observed_probability,ATP,US Open,round,R128,1503,1503,1503,495.6424676815959,439,-56.64246768159592,32.97687742392521,29.208250166333997,-3.768627257591212,-3.2145013388524406,0.1873185585518699,0.5532570953808459,25,25,25
slam-robustness-v1,observed_probability,ATP,US Open,round,R16,190,190,190,54.245802993484425,50,-4.245802993484425,28.550422628149697,26.31578947368421,-2.2346331544654867,-0.7139594270416485,0.16726363008864845,0.5067595958755542,25,25,25
slam-robustness-v1,observed_probability,ATP,US Open,round,R32,375,375,375,109.30439874468229,88,-21.30439874468229,29.14783966524861,23.466666666666665,-5.6811729985819435,-2.519149675144597,0.16798745969992163,0.5053262365915798,25,25,25
slam-robustness-v1,observed_probability,ATP,US Open,round,R64,754,753,753,217.89920578543763,188,-29.89920578543763,28.937477527946562,24.9667994687915,-3.9706780591550634,-2.495263416377597,0.16715584482466278,0.5044547732930014,25,25,25
slam-robustness-v1,observed_probability,ATP,US Open,round,SF,49,49,49,13.91080036695293,9,-4.91080036695293,28.389388503985572,18.367346938775512,-10.022041565210062,-1.6111862498642704,0.14837918287268453,0.46423642589271136,25,25,25
slam-robustness-v1,observed_probability,ATP,Wimbledon,round,F,24,24,24,8.321329020902256,6,-2.3213290209022563,34.6722042537594,25.0,-9.672204253759402,-1.0097835592960722,0.16670056643487144,0.5176264938982224,24,24,24
slam-robustness-v1,observed_probability,ATP,Wimbledon,round,QF,94,94,94,26.128232198588947,20,-6.128232198588947,27.795991700626537,21.27659574468085,-6.519395955945688,-1.4539034584026727,0.1578852380947959,0.486324950209157,24,24,24
slam-robustness-v1,observed_probability,ATP,Wimbledon,round,R128,1474,1474,1474,507.2241517393494,422,-85.2241517393494,34.41140785205898,28.62957937584803,-5.781828476210949,-4.807350977191362,0.19096147067821964,0.5634363817450045,24,24,24
slam-robustness-v1,observed_probability,ATP,Wimbledon,round,R16,184,184,184,55.174703458597826,44,-11.174703458597826,29.98625187967273,23.913043478260867,-6.073208401411861,-1.8602038293242276,0.16769799216735307,0.5115987415346755,24,24,24
slam-robustness-v1,observed_probability,ATP,Wimbledon,round,R32,374,374,374,116.7711655814326,102,-14.771165581432598,31.222236786479307,27.272727272727273,-3.949509513752032,-1.70434205389464,0.17555227512502491,0.5269495368494891,24,24,24
slam-robustness-v1,observed_probability,ATP,Wimbledon,round,R64,737,737,737,227.38596293177775,201,-26.385962931777755,30.852912202412178,27.27272727272727,-3.5801849296849055,-2.1743150176595796,0.18334199194645584,0.5465044139896782,24,24,24
slam-robustness-v1,observed_probability,ATP,Wimbledon,round,SF,46,46,46,13.319859006631468,9,-4.319859006631468,28.956215231807537,19.565217391304348,-9.390997840503191,-1.4571055693783848,0.132393289518885,0.42707255403395983,24,24,24
slam-robustness-v1,observed_probability,WTA,Australian Open,round,F,19,19,19,5.520223210085879,6,0.479776789914121,29.05380636887305,31.578947368421055,2.525140999548005,0.24850989266263548,0.2132219856026387,0.6216974102807485,19,19,19
slam-robustness-v1,observed_probability,WTA,Australian Open,round,QF,76,76,76,20.29939458516082,26,5.700605414839181,26.70972971731687,34.21052631578948,7.500796598472608,1.537339728378925,0.21769639553955863,0.6295806880587319,19,19,19
slam-robustness-v1,observed_probability,WTA,Australian Open,round,R128,1202,1202,1202,351.9444653787578,373,21.055534621242202,29.279905605553893,31.03161397670549,1.7517083711515975,1.3936450947826828,0.1925333098525796,0.5627823622404993,19,19,19
slam-robustness-v1,observed_probability,WTA,Australian Open,round,R16,148,148,148,38.41044292837305,46,7.589557071626949,25.95300197863044,31.08108108108108,5.128079102450641,1.4836168600615927,0.2070407687234849,0.6134418141573617,19,19,19
slam-robustness-v1,observed_probability,WTA,Australian Open,round,R32,298,298,298,75.86076236025526,80,4.139237639744735,25.45663166451519,26.845637583892618,1.389005919377428,0.5769410758728708,0.18475064751753706,0.5462717757842406,19,19,19
slam-robustness-v1,observed_probability,WTA,Australian Open,round,R64,601,601,601,147.80605462400317,147,-0.806054624003167,24.593353514809177,24.459234608985025,-0.13411890582415423,-0.08026330768465513,0.1690636633268133,0.50801635200068,19,19,19
slam-robustness-v1,observed_probability,WTA,Australian Open,round,SF,38,38,38,10.73962605840518,12,1.2603739415948194,28.26217383790837,31.578947368421055,3.316773530512683,0.47581674983192224,0.18328883103863064,0.5316388602263359,19,19,19
slam-robustness-v1,observed_probability,WTA,Roland Garros,round,F,19,19,19,5.175354255461606,6,0.8246457445383939,27.238706607692666,31.578947368421055,4.340240760728389,0.44018402049067357,0.22054429431144162,0.6377512951828761,19,19,19
slam-robustness-v1,observed_probability,WTA,Roland Garros,round,QF,76,76,76,22.293776630078682,27,4.706223369921318,29.333916618524583,35.526315789473685,6.192399170949103,1.2317545165302637,0.22000024176137792,0.6341156433671926,19,19,19
slam-robustness-v1,observed_probability,WTA,Roland Garros,round,R128,1199,1199,1199,361.9484648348934,362,0.051535165106599834,30.187528343193776,30.19182652210175,0.004298178907973297,0.0033732895406792945,0.19452361369135618,0.5690151496754136,19,19,19
slam-robustness-v1,observed_probability,WTA,Roland Garros,round,R16,148,148,148,42.26627320850259,41,-1.2662732085025894,28.558292708447695,27.7027027027027,-0.8555900057449928,-0.24057863991171874,0.1956410154769739,0.580154946001504,19,19,19
slam-robustness-v1,observed_probability,WTA,Roland Garros,round,R32,298,298,298,81.4007808126973,98,16.599219187302694,27.3156982592944,32.88590604026846,5.570207780974059,2.2478834675738892,0.19989749945759275,0.5789009424033308,19,19,19
slam-robustness-v1,observed_probability,WTA,Roland Garros,round,R64,591,591,591,153.96473952241368,166,12.03526047758632,26.051563370966782,28.087986463620982,2.0364230926541995,1.1784374503159347,0.17933260099636078,0.5346213142555095,19,19,19
slam-robustness-v1,observed_probability,WTA,Roland Garros,round,SF,37,37,37,11.373278786445304,11,-0.37327878644530443,30.738591314717038,29.72972972972973,-1.0088615849873093,-0.13825700612570138,0.1776552957274169,0.5232534828251126,19,19,19
slam-robustness-v1,observed_probability,WTA,US Open,round,F,19,19,19,5.965218236011165,6,0.03478176398883459,31.395885452690347,31.578947368421055,0.18306191573070837,0.017563171032401882,0.21424112750356963,0.6287460800535459,19,19,19
slam-robustness-v1,observed_probability,WTA,US Open,round,QF,75,75,75,21.920486483038307,18,-3.9204864830383066,29.227315310717742,24.0,-5.227315310717742,-1.0370850834886682,0.17653941464362805,0.5276068680500302,19,19,19
slam-robustness-v1,observed_probability,WTA,US Open,round,R128,1194,1194,1194,351.8997657107982,360,8.100234289201808,29.472342186834023,30.150753768844222,0.6784115820102017,0.5362665853341977,0.1875897183911784,0.5522316276187644,19,19,19
slam-robustness-v1,observed_probability,WTA,US Open,round,R16,151,151,151,43.876303704460675,53,9.123696295539325,29.05715477116601,35.099337748344375,6.042182977178362,1.7151669580338027,0.2163867493169993,0.6116597350746702,19,19,19
slam-robustness-v1,observed_probability,WTA,US Open,round,R32,301,301,301,78.5714491637169,80,1.4285508362830939,26.10347148296243,26.578073089700997,0.4746016067385694,0.1967140611926158,0.18311950136608013,0.5536179339642802,19,19,19
slam-robustness-v1,observed_probability,WTA,US Open,round,R64,598,598,598,150.51335233216466,150,-0.5133523321646578,25.16945691173322,25.08361204013378,-0.08584487159944111,-0.0506266488783069,0.17691257089349885,0.5325679745209101,19,19,19
slam-robustness-v1,observed_probability,WTA,US Open,round,SF,37,37,37,10.44706809728317,10,-0.44706809728316976,28.235319181846403,27.027027027027025,-1.2082921548193777,-0.17060488465850326,0.2206619578824366,0.6722515850447158,19,19,19
slam-robustness-v1,observed_probability,WTA,Wimbledon,round,F,18,18,18,5.563417745659661,9,3.4365822543403386,30.907876364775895,50.0,19.0921236352241,1.8020789791605056,0.25301874470837343,0.6955821469535405,18,18,18
slam-robustness-v1,observed_probability,WTA,Wimbledon,round,QF,72,72,72,21.659313621822797,20,-1.6593136218227968,30.082380030309437,27.77777777777778,-2.3046022525316623,-0.44212806454710324,0.18479803189304822,0.5525312387854093,18,18,18
slam-robustness-v1,observed_probability,WTA,Wimbledon,round,R128,1131,1131,1131,356.10268932395513,343,-13.102689323955133,31.485648923426627,30.32714412024757,-1.1585048031790568,-0.8698894631352173,0.19396473052541188,0.5681638118319455,18,18,18
slam-robustness-v1,observed_probability,WTA,Wimbledon,round,R16,138,138,138,41.332521536103215,51,9.667478463896785,29.951102562393633,36.95652173913044,7.005419176736801,1.8649497785325602,0.23148139466212156,0.6637217517277242,18,18,18
slam-robustness-v1,observed_probability,WTA,Wimbledon,round,R32,283,283,283,79.8118214962799,94,14.188178503720096,28.20205706582329,33.21554770318021,5.013490637356925,1.956642323833748,0.20734910213699315,0.6017862532529838,18,18,18
slam-robustness-v1,observed_probability,WTA,Wimbledon,round,R64,564,564,564,153.53698530467418,159,5.463014695325825,27.22286973487131,28.19148936170213,0.96861962683082,0.5372315084074587,0.1830605101558205,0.5466060330829231,18,18,18
slam-robustness-v1,observed_probability,WTA,Wimbledon,round,SF,36,36,36,10.855239413488002,10,-0.8552394134880021,30.15344281524445,27.77777777777778,-2.3756650374666726,-0.3216217488725954,0.21243743463121711,0.6212739553269662,18,18,18
slam-robustness-v1,missing_probability,ATP,Australian Open,all,all,84,84,84,29.6053399499921,23,-6.6053399499921,35.24445232141917,27.38095238095238,-7.863499940466785,-1.552446055896233,0.17413662602839833,0.5263507497349357,6,6,6
slam-robustness-v1,missing_probability,ATP,Roland Garros,all,all,18,18,18,7.064511327507714,3,-4.064511327507714,39.24728515282063,16.666666666666664,-22.580618486153966,-1.9965052572282536,0.1748539808105617,0.5346108575296317,5,5,5
slam-robustness-v1,missing_probability,ATP,US Open,all,all,10,10,10,3.768583224885498,2,-1.7685832248854978,37.68583224885498,20.0,-17.68583224885498,-1.174634112515906,0.18656073496634534,0.5571870819545868,3,3,3
slam-robustness-v1,missing_probability,ATP,Wimbledon,all,all,5,5,5,2.109599820133559,3,0.8904001798664409,42.19199640267118,60.0,17.80800359732882,0.8119091384825631,0.24198753456112035,0.6747313726791964,4,4,4
slam-robustness-v1,missing_probability,WTA,Australian Open,all,all,1,1,1,0.4002023164194711,0,-0.4002023164194711,40.02023164194711,0.0,-40.02023164194711,-0.8168407716834202,0.1601618940675105,0.5111628746611332,1,1,1
slam-robustness-v1,missing_probability,WTA,Wimbledon,all,all,1,1,1,0.13891809471618644,0,-0.13891809471618644,13.891809471618643,0.0,-13.891809471618643,-0.40165869933993276,0.019298237039575346,0.14956565099074298,1,1,1
slam-robustness-v1,missing_probability,ATP,Australian Open,year,2001,67,67,67,23.88641013881687,19,-4.886410138816871,35.65135841614458,28.358208955223883,-7.293149460920703,-1.280107018884386,0.17464005659786222,0.5286502322750918,1,1,1
slam-robustness-v1,missing_probability,ATP,Australian Open,year,2002,8,8,8,2.7759315515398706,2,-0.7759315515398706,34.699144394248385,25.0,-9.699144394248382,-0.5995070207438725,0.19932262296426487,0.5748869570629037,1,1,1
slam-robustness-v1,missing_probability,ATP,Australian Open,year,2003,6,6,6,1.7479762745800231,1,-0.7479762745800231,29.132937909667053,16.666666666666668,-12.466271243000387,-0.6914954536743843,0.11832481006880696,0.399869897690944,1,1,1
slam-robustness-v1,missing_probability,ATP,Australian Open,year,2004,1,1,1,0.2559275983842909,0,-0.2559275983842909,25.592759838429092,0.0,-25.592759838429092,-0.5864769695785852,0.0654989356147509,0.29561693488413626,1,1,1
slam-robustness-v1,missing_probability,ATP,Australian Open,year,2006,1,1,1,0.49619188746976217,0,-0.49619188746976217,49.61918874697622,0.0,-49.61918874697622,-0.9924125587371176,0.24620638919080512,0.6855598125131671,1,1,1
slam-robustness-v1,missing_probability,ATP,Australian Open,year,2014,1,1,1,0.44290249920128594,1,0.557097500798714,44.290249920128595,100.0,55.7097500798714,1.121531664454396,0.3103576253961732,0.8144056252572413,1,1,1
slam-robustness-v1,missing_probability,ATP,Roland Garros,year,2001,5,5,5,2.150975776466151,2,-0.1509757764661508,43.019515529323016,40.0,-3.019515529323016,-0.13734749016034378,0.23066930119131973,0.6526065375642099,1,1,1
slam-robustness-v1,missing_probability,ATP,Roland Garros,year,2002,9,9,9,3.534078981481774,1,-2.534078981481774,39.267544238686376,11.11111111111111,-28.156433127575266,-1.761700533632457,0.16463703501607088,0.5138999387738993,1,1,1
slam-robustness-v1,missing_probability,ATP,Roland Garros,year,2003,2,2,2,0.7008087214069233,0,-0.7008087214069233,35.04043607034617,0.0,-35.04043607034617,-1.0640459392343184,0.13351000878064093,0.44427978260809525,1,1,1
slam-robustness-v1,missing_probability,ATP,Roland Garros,year,2008,1,1,1,0.42589864621382856,0,-0.42589864621382856,42.58986462138286,0.0,-42.58986462138286,-0.861308720438642,0.1813896568467719,0.5549493237096516,1,1,1
slam-robustness-v1,missing_probability,ATP,Roland Garros,year,2009,1,1,1,0.2527492019390368,0,-0.2527492019390368,25.274920193903682,0.0,-25.274920193903682,-0.5815829991351704,0.06388215908082001,0.2913544098213859,1,1,1
slam-robustness-v1,missing_probability,ATP,US Open,year,2001,4,4,4,1.4406899482000142,0,-1.4406899482000142,36.017248705000355,0.0,-36.017248705000355,-1.525573945717195,0.13721886371366962,0.4556136169240972,1,1,1
slam-robustness-v1,missing_probability,ATP,US Open,year,2002,5,5,5,1.8747569214939666,1,-0.8747569214939666,37.49513842987933,20.0,-17.495138429879333,-0.8238680519950041,0.20353440975911136,0.5915708315790591,1,1,1
slam-robustness-v1,missing_probability,ATP,US Open,year,2008,1,1,1,0.4531363551915174,1,0.5468636448084826,45.31363551915174,100.0,54.68636448084826,1.0985632657574433,0.2990598460132182,0.7915621939541838,1,1,1
slam-robustness-v1,missing_probability,ATP,Wimbledon,year,2001,1,1,1,0.44771587046934536,0,-0.44771587046934536,44.771587046934535,0.0,-44.771587046934535,-0.9003678167449496,0.20044950067012363,0.5936926377211487,1,1,1
slam-robustness-v1,missing_probability,ATP,Wimbledon,year,2002,2,2,2,0.9190440497729097,2,1.0809559502270902,45.95220248864548,100.0,54.04779751135451,1.5360515531654553,0.2928644210613526,0.7793426663947827,1,1,1
slam-robustness-v1,missing_probability,ATP,Wimbledon,year,2008,1,1,1,0.4294393669621823,1,0.5705606330378177,42.94393669621823,100.0,57.05606330378177,1.152656688506404,0.3255394359725152,0.8452747187406917,1,1,1
slam-robustness-v1,missing_probability,ATP,Wimbledon,year,2009,1,1,1,0.31340053292912196,0,-0.31340053292912196,31.340053292912195,0.0,-31.340053292912195,-0.6756132127221005,0.09821989404025766,0.3760041741445762,1,1,1
slam-robustness-v1,missing_probability,WTA,Australian Open,year,2017,1,1,1,0.4002023164194711,0,-0.4002023164194711,40.02023164194711,0.0,-40.02023164194711,-0.8168407716834202,0.1601618940675105,0.5111628746611332,1,1,1
slam-robustness-v1,missing_probability,WTA,Wimbledon,year,2022,1,1,1,0.13891809471618644,0,-0.13891809471618644,13.891809471618643,0.0,-13.891809471618643,-0.40165869933993276,0.019298237039575346,0.14956565099074298,1,1,1
slam-robustness-v1,missing_probability,ATP,Australian Open,round,F,1,1,1,0.3559281625538032,0,-0.3559281625538032,35.59281625538032,0.0,-35.59281625538032,-0.7433853898935793,0.12668485689892656,0.43994501026939337,1,1,1
slam-robustness-v1,missing_probability,ATP,Australian Open,round,QF,2,2,2,0.8845960763190028,1,0.11540392368099717,44.22980381595014,50.0,5.770196184049858,0.164740739124005,0.21847829774225605,0.6291500838811759,1,1,1
slam-robustness-v1,missing_probability,ATP,Australian Open,round,R128,71,71,71,25.005574562064275,19,-6.005574562064275,35.219119101498976,26.76056338028169,-8.458555721217289,-1.536621608132571,0.17244830907965,0.522582021991896,5,5,5
slam-robustness-v1,missing_probability,ATP,Australian Open,round,R32,7,7,7,2.2297291785473328,1,-1.2297291785473328,31.853273979247614,14.285714285714286,-17.567559693533326,-1.0320759152082162,0.13457638869911107,0.43664607389110854,2,2,2
slam-robustness-v1,missing_probability,ATP,Australian Open,round,R64,1,1,1,0.3063717629788993,1,0.6936282370211007,30.63717629788993,100.0,69.36282370211006,1.5046622126777285,0.4811201311930002,1.1829560027420245,1,1,1
slam-robustness-v1,missing_probability,ATP,Australian Open,round,SF,2,2,2,0.8231402075287918,1,0.1768597924712082,41.15701037643959,50.0,8.84298962356041,0.25626013271427034,0.1984251686300456,0.5862078591492341,1,1,1
slam-robustness-v1,missing_probability,ATP,Roland Garros,round,R128,16,16,16,6.35488775088724,3,-3.35488775088724,39.71804844304525,18.75,-20.96804844304525,-1.7417680960194974,0.17951690592254624,0.54488502933576,5,5,5
slam-robustness-v1,missing_probability,ATP,Roland Garros,round,R64,2,2,2,0.7096235766204743,0,-0.7096235766204743,35.48117883102371,0.0,-35.48117883102371,-1.0765196038804579,0.13755057991468547,0.45241748308060475,2,2,2
slam-robustness-v1,missing_probability,ATP,US Open,round,R128,7,7,7,2.5186818877782504,1,-1.5186818877782504,35.981169825403576,14.285714285714286,-21.69545553968929,-1.2212710112515899,0.1522932876630189,0.48395806000328667,3,3,3
slam-robustness-v1,missing_probability,ATP,US Open,round,R16,1,1,1,0.4900387191998147,0,-0.4900387191998147,49.00387191998147,0.0,-49.00387191998147,-0.9802719968316923,0.24013794631499483,0.6734204761454713,1,1,1
slam-robustness-v1,missing_probability,ATP,US Open,round,R32,1,1,1,0.36486655158422265,1,0.6351334484157773,36.486655158422266,100.0,63.513344841577734,1.3193665414649962,0.4033944972965169,1.008223604350064,1,1,1
slam-robustness-v1,missing_probability,ATP,US Open,round,R64,1,1,1,0.39499606632320994,0,-0.39499606632320994,39.49960663232099,0.0,-39.49960663232099,-0.8080110240811326,0.15602189241080966,0.5025203190273256,1,1,1
slam-robustness-v1,missing_probability,ATP,Wimbledon,round,R128,5,5,5,2.109599820133559,3,0.8904001798664409,42.19199640267118,60.0,17.80800359732882,0.8119091384825631,0.24198753456112035,0.6747313726791964,4,4,4
slam-robustness-v1,missing_probability,WTA,Australian Open,round,R128,1,1,1,0.4002023164194711,0,-0.4002023164194711,40.02023164194711,0.0,-40.02023164194711,-0.8168407716834202,0.1601618940675105,0.5111628746611332,1,1,1
slam-robustness-v1,missing_probability,WTA,Wimbledon,round,R128,1,1,1,0.13891809471618644,0,-0.13891809471618644,13.891809471618643,0.0,-13.891809471618643,-0.40165869933993276,0.019298237039575346,0.14956565099074298,1,1,1
