analysis_version,sample,variant_label,parameter_mode,tour,slam,start_year,end_year,score_matches,upset_matches,calibration_matches,expected_upsets,actual_upsets,excess_upsets,expected_per_100,actual_per_100,excess_per_100,standardized_excess,brier_score,log_loss,score_tournament_editions,upset_tournament_editions,calibration_tournament_editions,expected_per_100_ci_lower,expected_per_100_ci_upper,actual_per_100_ci_lower,actual_per_100_ci_upper,excess_per_100_ci_lower,excess_per_100_ci_upper,standardized_excess_ci_lower,standardized_excess_ci_upper,brier_score_ci_lower,brier_score_ci_upper,log_loss_ci_lower,log_loss_ci_upper,underdog_flips,ties_created,ties_removed,bootstrap_unit,bootstrap_replicates,bootstrap_seed
rating-history-sensitivities-v1,full_primary_1988_2025,probable_duplicates_current,fixed_primary,ATP,Australian Open,1988,2025,4639,4639,4639,1463.0245870568626,1295,-168.02458705686263,31.537499182083696,27.915499029963353,-3.622000152120341,-5.502078911998032,0.17963200005246546,0.5353601835677397,38,38,38,31.028799761372106,32.06193497331715,26.567542062220475,29.184752707355774,-4.780355815594314,-2.5122159274474676,-7.27022571178861,-3.813862227674293,0.17490133162900087,0.18437769633626286,0.5244696377903832,0.5463365702682761,0,0,0,tour-Slam tournament edition,2000,18307413587975416014
rating-history-sensitivities-v1,full_primary_1988_2025,probable_duplicates_current,fixed_primary,ATP,Roland Garros,1988,2025,4663,4661,4661,1485.3165366861447,1324,-161.31653668614467,31.866907030382848,28.405921476078092,-3.460985554304756,-5.242202196631322,0.18514838364425565,0.5484888766186106,38,38,38,31.316869205050512,32.3745801748767,26.59451385857704,30.152270672835463,-5.113177330585628,-1.825287005197722,-7.752013255622564,-2.7549245454051645,0.17825016251999243,0.19181570502360662,0.5325240787764173,0.5636564349340699,0,0,0,tour-Slam tournament edition,2000,10096972471445573474
rating-history-sensitivities-v1,full_primary_1988_2025,probable_duplicates_current,fixed_primary,ATP,US Open,1988,2025,4589,4587,4587,1454.5197143299056,1245,-209.51971432990558,31.70960789906051,27.141922825376064,-4.567685073684447,-6.887220232030537,0.1813084172994686,0.5394910492960932,38,38,38,31.14767751986586,32.23246122693503,25.84409713092185,28.484681032971167,-5.8108106930856955,-3.361359922350563,-8.754415377195054,-5.0752651972749305,0.17668587108085523,0.18595484686109254,0.5289195872796437,0.5502772802592756,0,0,0,tour-Slam tournament edition,2000,2675411715594197183
rating-history-sensitivities-v1,full_primary_1988_2025,probable_duplicates_current,fixed_primary,ATP,Wimbledon,1988,2025,4562,4562,4562,1510.3769256381859,1311,-199.37692563818587,33.10778004467746,28.737395879000438,-4.370384165677025,-6.465391451150045,0.18937259953551103,0.5597962414808608,37,37,37,32.56583177979333,33.62058743456828,27.408671228067377,30.081274273818604,-5.493731590186913,-3.2757792396795917,-8.134034828471657,-4.8441546114935505,0.18419414013941687,0.19465738301272645,0.5479218913523485,0.5719126779385985,0,0,0,tour-Slam tournament edition,2000,8184618307097289268
rating-history-sensitivities-v1,full_primary_1988_2025,probable_duplicates_current,fixed_primary,WTA,Australian Open,1988,2025,4763,4763,4763,1276.9253429583873,1319,42.07465704161268,26.80926607092982,27.692630694940163,0.883364624010344,1.4505554652663804,0.18222832044415155,0.5379122319656582,38,38,38,26.321491801966864,27.300102263849475,26.422545120114126,29.004692780900342,-0.36248529701132604,2.206109242762155,-0.5968032064347429,3.612846497603482,0.17673321947446452,0.1878149722004181,0.524153991003939,0.5515842895564264,0,0,0,tour-Slam tournament edition,2000,12944527187291537845
rating-history-sensitivities-v1,full_primary_1988_2025,probable_duplicates_current,fixed_primary,WTA,Roland Garros,1988,2025,4755,4755,4755,1314.0775832556035,1372,57.922416744396514,27.635701014839192,28.853838065194534,1.2181370503553421,1.9726705438761434,0.185294077317051,0.5476287473128981,38,38,38,27.127353729371677,28.197124869746375,27.17162654943247,30.539122537656993,-0.2768373433572679,2.6869099115788453,-0.44884891361685847,4.345188966025093,0.17762127455985832,0.19265018135214507,0.528824819384273,0.5658226691452118,0,0,0,tour-Slam tournament edition,2000,10872777931083615761
rating-history-sensitivities-v1,full_primary_1988_2025,probable_duplicates_current,fixed_primary,WTA,US Open,1988,2025,4758,4757,4757,1275.1333420408205,1249,-26.13334204082048,26.80540975490478,26.256043725036786,-0.5493660298679941,-0.9006686267306117,0.1745314131732147,0.5203984405158423,38,38,38,26.25477131156646,27.37901778475035,24.851959056289516,27.50577852490019,-1.8304628121017834,0.6196259208987778,-3.0148789966095952,1.0184884210354836,0.16844450909087516,0.1805382923678422,0.5044850856294877,0.53567681630431,0,0,0,tour-Slam tournament edition,2000,16147677352480159226
rating-history-sensitivities-v1,full_primary_1988_2025,probable_duplicates_current,fixed_primary,WTA,Wimbledon,1988,2025,4635,4635,4635,1327.8703275358419,1303,-24.870327535841852,28.64876650562766,28.112189859762676,-0.5365766458649807,-0.8451527938291142,0.18300211591896035,0.5427090161284726,37,37,37,28.035630648340838,29.285342944456595,26.52956506560382,29.728755120987998,-1.9682114601637652,0.8943584242000571,-3.1088901477720823,1.4056333641563616,0.17610391929093305,0.19040602915356292,0.5254378514367831,0.5609973780925968,0,0,0,tour-Slam tournament edition,2000,10652290985436234423
rating-history-sensitivities-v1,full_primary_1988_2025,probable_duplicates_keep_one,fixed_primary,ATP,Australian Open,1988,2025,4639,4639,4639,1463.0246191211866,1295,-168.02461912118656,31.537499873274122,27.915499029963353,-3.6220008433107687,-5.502080069146791,0.1796320847155888,0.5353603586269965,38,38,38,31.042670316531602,32.02953372969326,26.53878250299673,29.36997270573996,-4.846362377951562,-2.3956917150486827,-7.380490718506872,-3.6347629265731207,0.1747924156774571,0.18436864770641245,0.5241517664956221,0.5461856375066952,0,0,0,tour-Slam tournament edition,2000,3491304732838970449
rating-history-sensitivities-v1,full_primary_1988_2025,probable_duplicates_keep_one,fixed_primary,ATP,Roland Garros,1988,2025,4663,4661,4661,1485.3162750090785,1324,-161.31627500907848,31.866901416199923,28.405921476078092,-3.4609799401218293,-5.242193934030165,0.185148432209622,0.5484889849954431,38,38,38,31.329007140127743,32.36467615499555,26.629347645043083,30.24927358937534,-5.033549159595147,-1.856223346063624,-7.66005852877073,-2.815308882214358,0.17857848883007066,0.19188618516221126,0.5331991169904247,0.5642588051348889,0,0,0,tour-Slam tournament edition,2000,13807634201454876007
rating-history-sensitivities-v1,full_primary_1988_2025,probable_duplicates_keep_one,fixed_primary,ATP,US Open,1988,2025,4589,4587,4587,1454.5197364021526,1245,-209.5197364021526,31.709608380251858,27.141922825376064,-4.567685554875792,-6.887220939202429,0.18130839346803557,0.5394910114237361,38,38,38,31.126205275218705,32.22652919016643,25.774580026208437,28.54355630543407,-5.785652496846736,-3.25586041272024,-8.729914661090957,-4.911337684048473,0.17641411027438908,0.18609021437988826,0.5284093919873428,0.5503297520895591,0,0,0,tour-Slam tournament edition,2000,8731260497661997684
rating-history-sensitivities-v1,full_primary_1988_2025,probable_duplicates_keep_one,fixed_primary,ATP,Wimbledon,1988,2025,4562,4562,4562,1510.3765273824895,1311,-199.37652738248948,33.10777131482879,28.737395879000438,-4.370375435828353,-6.46537889215968,0.18937258617483788,0.5597962020215294,37,37,37,32.555125087135515,33.63385184243163,27.35632911856077,30.1120484195973,-5.527132073091998,-3.2543088822063875,-8.18297236646508,-4.803468409383142,0.183971796855234,0.19457866231419688,0.5474936491749223,0.5717149316086355,0,0,0,tour-Slam tournament edition,2000,14774935320719795701
rating-history-sensitivities-v1,full_primary_1988_2025,probable_duplicates_keep_one,fixed_primary,WTA,Australian Open,1988,2025,4763,4763,4763,1276.9938911010972,1319,42.00610889890277,26.810705250915333,27.692630694940163,0.8819254440248324,1.448179667046686,0.18223682000717928,0.5379307449627219,38,38,38,26.325626748535477,27.29364640698312,26.367811293563914,29.012673077839157,-0.4888276553623815,2.2152775736746912,-0.8022734497658293,3.6508125468372183,0.1767933124532351,0.18808163823872742,0.5245657219127733,0.5521891551943093,0,0,0,tour-Slam tournament edition,2000,12950776318392470070
rating-history-sensitivities-v1,full_primary_1988_2025,probable_duplicates_keep_one,fixed_primary,WTA,Roland Garros,1988,2025,4755,4755,4755,1314.1417460521704,1370,55.85825394782955,27.637050390161313,28.811777076761306,1.1747266865999906,1.9023005181435675,0.18527423799627774,0.547568331919349,38,38,38,27.109564468851012,28.174451862214013,27.21739954733318,30.394470323747434,-0.2220451510950363,2.6658283443970787,-0.3609712849982465,4.322030035372694,0.17827691908318086,0.19247823580446316,0.5303058841470703,0.5653906610610072,2,0,0,tour-Slam tournament edition,2000,11179328278487747456
rating-history-sensitivities-v1,full_primary_1988_2025,probable_duplicates_keep_one,fixed_primary,WTA,US Open,1988,2025,4758,4757,4757,1275.191130191619,1248,-27.191130191619095,26.806624557318038,26.235022072734914,-0.5716024845831216,-0.9371140254442862,0.17454201219586413,0.5204212672020584,38,38,38,26.23748374736555,27.429350952832902,24.947544009673727,27.573233370172847,-1.8130575672562361,0.6168321478985481,-2.96741774246679,1.0115642117122006,0.16871531767342582,0.18052166304608877,0.5051994367484406,0.5361727454028451,1,0,0,tour-Slam tournament edition,2000,8993874004256924746
rating-history-sensitivities-v1,full_primary_1988_2025,probable_duplicates_keep_one,fixed_primary,WTA,Wimbledon,1988,2025,4635,4635,4635,1327.8743983892898,1304,-23.87439838928981,28.648854334181014,28.13376483279396,-0.5150895013870509,-0.8113084556896621,0.18303715775577314,0.542783010541973,37,37,37,28.0054509356641,29.24134663443727,26.50279840267284,29.781831003385705,-1.9449992121824378,0.9612703663101492,-3.0583039127662115,1.5072306729388063,0.1756092234672747,0.19042058110523913,0.5247268437900344,0.5610639791663838,1,0,0,tour-Slam tournament edition,2000,149025708503736725
rating-history-sensitivities-v1,full_primary_1988_2025,probable_duplicates_skip_all,fixed_primary,ATP,Australian Open,1988,2025,4639,4639,4639,1463.0246310381415,1295,-168.02463103814148,31.537500130160414,27.915499029963353,-3.6220011001970573,-5.502080304430247,0.17963200677239374,0.5353601988849681,38,38,38,31.03902098483772,32.07184084638983,26.48204031480994,29.305135951661633,-4.858626111010869,-2.4630743765815075,-7.393149733149257,-3.7395659046536887,0.1745729999181149,0.18449087033594047,0.5238684035695695,0.5468649234464126,0,0,0,tour-Slam tournament edition,2000,4170896404714230825
rating-history-sensitivities-v1,full_primary_1988_2025,probable_duplicates_skip_all,fixed_primary,ATP,Roland Garros,1988,2025,4663,4661,4661,1485.3166481052938,1324,-161.31664810529378,31.86690942083874,28.405921476078092,-3.4609879447606473,-5.2422056340581795,0.18514845459761184,0.5484890562034848,38,38,38,31.315671062858872,32.387228112773116,26.598241235829438,30.27519867810213,-5.052376766295592,-1.8161907360144744,-7.664328122087981,-2.746197705191482,0.17839616440750472,0.19197197303763158,0.532918352134998,0.5641231108593504,0,0,0,tour-Slam tournament edition,2000,848188134934870564
rating-history-sensitivities-v1,full_primary_1988_2025,probable_duplicates_skip_all,fixed_primary,ATP,US Open,1988,2025,4589,4587,4587,1454.5197383406864,1245,-209.51973834068644,31.70960842251333,27.141922825376064,-4.567685597137268,-6.887221006774554,0.18130843764706395,0.5394910983256775,38,38,38,31.13808679936899,32.280220024007434,25.75395075791936,28.47834986278919,-5.832026281359016,-3.319527461275695,-8.779718116060529,-5.008889317217441,0.176290954602168,0.18614619091647944,0.527923409257511,0.5505461806561242,0,0,0,tour-Slam tournament edition,2000,13089397463139103308
rating-history-sensitivities-v1,full_primary_1988_2025,probable_duplicates_skip_all,fixed_primary,ATP,Wimbledon,1988,2025,4562,4562,4562,1510.376970972008,1311,-199.37697097200794,33.10778103840438,28.737395879000438,-4.370385159403944,-6.465392863353436,0.18937258773748283,0.5597962083009678,37,37,37,32.58333563928286,33.65147150530138,27.39838023373873,30.102974897633032,-5.571498610156092,-3.177797398203716,-8.226935316771316,-4.696413331588723,0.18420877043924308,0.1946129141776399,0.548184655369332,0.5718526599393381,0,0,0,tour-Slam tournament edition,2000,9992385132774704817
rating-history-sensitivities-v1,full_primary_1988_2025,probable_duplicates_skip_all,fixed_primary,WTA,Australian Open,1988,2025,4763,4763,4763,1277.016032859547,1319,41.98396714045293,26.81117012092268,27.692630694940163,0.8814605740174876,1.447413507732888,0.18224807760816739,0.5379549297024685,38,38,38,26.332762094377173,27.295365304229787,26.427184081494676,29.05621529792504,-0.3547153985374795,2.279806498938456,-0.583217614836023,3.7551428937656683,0.1767921994264355,0.18820720032623334,0.5242268903416163,0.5524892795855081,2,0,0,tour-Slam tournament edition,2000,8073777094174780699
rating-history-sensitivities-v1,full_primary_1988_2025,probable_duplicates_skip_all,fixed_primary,WTA,Roland Garros,1988,2025,4755,4755,4755,1314.2315438941455,1369,54.76845610585451,27.638938883157635,28.790746582544692,1.151807699387056,1.8651606487004257,0.18526220330325482,0.5475358523483009,38,38,38,27.13508065784639,28.168545728362897,27.144804853845276,30.47517500267641,-0.26466546450970674,2.6841324996074176,-0.4315136499777733,4.339032190753954,0.1779793996467993,0.19237290418545608,0.5298812844350458,0.5655344374047199,3,0,0,tour-Slam tournament edition,2000,17281319425614274044
rating-history-sensitivities-v1,full_primary_1988_2025,probable_duplicates_skip_all,fixed_primary,WTA,US Open,1988,2025,4758,4757,4757,1275.2094481107447,1248,-27.209448110744688,26.80700963024479,26.235022072734914,-0.5719875575098736,-0.9377427502628237,0.1745558657057933,0.520450252868319,38,38,38,26.25593679121618,27.408726505412943,24.963066299074836,27.477909741656386,-1.7734417978215893,0.5530481405000491,-2.8880817469410878,0.908441942544363,0.16892994999510139,0.18034538614933068,0.5054521101644763,0.5354600938512633,3,0,0,tour-Slam tournament edition,2000,10612918581887203357
rating-history-sensitivities-v1,full_primary_1988_2025,probable_duplicates_skip_all,fixed_primary,WTA,Wimbledon,1988,2025,4635,4635,4635,1327.728690300554,1303,-24.728690300554035,28.6457106860961,28.112189859762676,-0.5335208263334205,-0.8403522446152324,0.18307593022900556,0.5428720004575143,37,37,37,28.030747803734812,29.245002174382037,26.510064929866175,29.663271822302708,-1.9169468944895893,0.8500801604650167,-3.0257094008449275,1.342013419669369,0.17592031038975503,0.19021253966104446,0.5249337305998117,0.5606085411152352,2,0,0,tour-Slam tournament edition,2000,13789160814281265686
rating-history-sensitivities-v1,full_primary_1988_2025,retirement_full_update,fixed_primary,ATP,Australian Open,1988,2025,4639,4639,4639,1463.0245870568626,1295,-168.02458705686263,31.537499182083696,27.915499029963353,-3.622000152120341,-5.502078911998032,0.17963200005246546,0.5353601835677397,38,38,38,31.036290552617213,32.05532090312031,26.490113538413638,29.290431456847337,-4.837181385651013,-2.4170113632444763,-7.344699567546128,-3.6764123149990833,0.1745689666657411,0.1844400771886592,0.5238291453100148,0.54668067027369,0,0,0,tour-Slam tournament edition,2000,16313099567320323065
rating-history-sensitivities-v1,full_primary_1988_2025,retirement_full_update,fixed_primary,ATP,Roland Garros,1988,2025,4663,4661,4661,1485.3165366861447,1324,-161.31653668614467,31.866907030382848,28.405921476078092,-3.460985554304756,-5.242202196631322,0.18514838364425565,0.5484888766186106,38,38,38,31.345080366144444,32.353107930885024,26.660897452033808,30.18956221427152,-5.01258990676214,-1.8568922789791469,-7.6237612767853955,-2.8085951051418054,0.17867241346248228,0.19173216385284933,0.5332656454081545,0.5638021954108985,0,0,0,tour-Slam tournament edition,2000,8338682506166461383
rating-history-sensitivities-v1,full_primary_1988_2025,retirement_full_update,fixed_primary,ATP,US Open,1988,2025,4589,4587,4587,1454.5197143299056,1245,-209.51971432990558,31.70960789906051,27.141922825376064,-4.567685073684447,-6.887220232030537,0.1813084172994686,0.5394910492960932,38,38,38,31.145025574969566,32.251189307049664,25.7818027481564,28.474516838538822,-5.852250438302116,-3.3460649136798897,-8.828250830432916,-5.045732708857774,0.17641534681374352,0.18573885428275602,0.5284006657933185,0.5495351500287565,0,0,0,tour-Slam tournament edition,2000,11627594497013586631
rating-history-sensitivities-v1,full_primary_1988_2025,retirement_full_update,fixed_primary,ATP,Wimbledon,1988,2025,4562,4562,4562,1510.3769256381859,1311,-199.37692563818587,33.10778004467746,28.737395879000438,-4.370384165677025,-6.465391451150045,0.18937259953551103,0.5597962414808608,37,37,37,32.57545514329071,33.622505640551694,27.41002434704089,30.08094952540805,-5.538904508919908,-3.239953151510491,-8.167484423361554,-4.789385609761349,0.18411746156657455,0.1946257669392979,0.5478586838433074,0.5717023840184353,0,0,0,tour-Slam tournament edition,2000,14435803912510505080
rating-history-sensitivities-v1,full_primary_1988_2025,retirement_full_update,fixed_primary,WTA,Australian Open,1988,2025,4763,4763,4763,1276.9253429583873,1319,42.07465704161268,26.80926607092982,27.692630694940163,0.883364624010344,1.4505554652663804,0.18222832044415155,0.5379122319656582,38,38,38,26.335055004327483,27.302977551621435,26.38417682419268,29.0146913379734,-0.43514802735898106,2.2187175016445932,-0.7126131509974886,3.645943157302504,0.17652596975079357,0.18812460196160627,0.5237884082625128,0.5525946021065967,0,0,0,tour-Slam tournament edition,2000,6953294460579987168
rating-history-sensitivities-v1,full_primary_1988_2025,retirement_full_update,fixed_primary,WTA,Roland Garros,1988,2025,4755,4755,4755,1314.0775832556035,1372,57.922416744396514,27.635701014839192,28.853838065194534,1.2181370503553421,1.9726705438761434,0.185294077317051,0.5476287473128981,38,38,38,27.129693005611795,28.15867661239194,27.217314991003814,30.52482221702408,-0.24024622095215997,2.7072814941037326,-0.3895941495884517,4.372467902380176,0.1777940934736087,0.19267136345264446,0.5293822688179599,0.5662800524321866,0,0,0,tour-Slam tournament edition,2000,5746023995853786662
rating-history-sensitivities-v1,full_primary_1988_2025,retirement_full_update,fixed_primary,WTA,US Open,1988,2025,4758,4757,4757,1275.1333420408205,1249,-26.13334204082048,26.80540975490478,26.256043725036786,-0.5493660298679941,-0.9006686267306117,0.1745314131732147,0.5203984405158423,38,38,38,26.240649571242013,27.35800849272919,24.873652146412766,27.50388512390623,-1.8526984200179515,0.5925721741068711,-3.0407228379809075,0.9715127193215245,0.1685815513108914,0.18032112137028078,0.5049236750556092,0.5355732623756956,0,0,0,tour-Slam tournament edition,2000,13578643463428159750
rating-history-sensitivities-v1,full_primary_1988_2025,retirement_full_update,fixed_primary,WTA,Wimbledon,1988,2025,4635,4635,4635,1327.8703275358419,1303,-24.870327535841852,28.64876650562766,28.112189859762676,-0.5365766458649807,-0.8451527938291142,0.18300211591896035,0.5427090161284726,37,37,37,28.02349103689531,29.248320424997686,26.52882154309375,29.743307519793987,-1.9200346005029358,0.936247282275973,-3.0239105405156925,1.4743132671941555,0.1760388076671286,0.19044462635119602,0.5255113945463992,0.5605677361272191,0,0,0,tour-Slam tournament edition,2000,8400645175487737904
rating-history-sensitivities-v1,full_primary_1988_2025,retirement_half_result_delta,fixed_primary,ATP,Australian Open,1988,2025,4639,4639,4639,1460.3637816338933,1304,-156.36378163389327,31.480141876134798,28.109506359129124,-3.370635517005675,-5.12335374663832,0.17967647296944836,0.53539070205514,38,38,38,30.950589508980944,32.00774449164986,26.63467446004378,29.411796209486365,-4.5819784587865255,-2.27092138115155,-7.003671793105409,-3.442547914124321,0.1746178652751731,0.1842071927598358,0.5236238497719815,0.5456949451030823,45,0,0,tour-Slam tournament edition,2000,4051409108298306001
rating-history-sensitivities-v1,full_primary_1988_2025,retirement_half_result_delta,fixed_primary,ATP,Roland Garros,1988,2025,4663,4661,4661,1482.7740265951938,1320,-162.77402659519385,31.81235843370937,28.32010298219266,-3.4922554515167095,-5.292510186656674,0.18522854353576323,0.5486406343232182,38,38,38,31.272942648776073,32.327839439472534,26.59470294862172,30.03213666478071,-5.02182032319816,-1.9202694807250902,-7.625920408008977,-2.909513355161903,0.17850343217127532,0.19207565336478039,0.5331068909203839,0.5646679409644968,50,0,0,tour-Slam tournament edition,2000,16848687056540507200
rating-history-sensitivities-v1,full_primary_1988_2025,retirement_half_result_delta,fixed_primary,ATP,US Open,1988,2025,4589,4587,4587,1451.0751905219088,1237,-214.07519052190878,31.634514726878326,26.96751689557445,-4.666997831303876,-7.042418055530012,0.181394026997157,0.5396287752097636,38,38,38,31.08421965634604,32.208821382395776,25.71735247234099,28.254833243106077,-5.859495966965296,-3.4615473751242596,-8.855936925563906,-5.2435736975840355,0.1767702666343538,0.1862858534686349,0.5290032059478348,0.5509556391479604,46,0,0,tour-Slam tournament edition,2000,15266386969920669053
rating-history-sensitivities-v1,full_primary_1988_2025,retirement_half_result_delta,fixed_primary,ATP,Wimbledon,1988,2025,4562,4562,4562,1508.0194938950044,1316,-192.01949389500442,33.05610464478308,28.846996931170537,-4.209107713612547,-6.23040243573226,0.18924063732536234,0.5594573143410366,37,37,37,32.498963565048435,33.60285835451003,27.614214919076687,30.133497877209965,-5.2647992721650585,-3.123842206375323,-7.791030758872788,-4.639188341332231,0.18402704574093168,0.19448575853370814,0.5473912334839288,0.5714484398883865,49,0,0,tour-Slam tournament edition,2000,10070057234905869347
rating-history-sensitivities-v1,full_primary_1988_2025,retirement_half_result_delta,fixed_primary,WTA,Australian Open,1988,2025,4763,4763,4763,1270.9492213429055,1325,54.0507786570945,26.68379637503476,27.818601721604033,1.1348053465692736,1.8668209480023232,0.18244233284644615,0.5383982772130282,38,38,38,26.178692295678125,27.18885462668982,26.5210845085152,29.199897322554953,-0.1522354460782144,2.5287808997995764,-0.2505734756272818,4.1617468559327655,0.1769833598000941,0.1888336347310807,0.5246520808596484,0.554066875861413,44,0,0,tour-Slam tournament edition,2000,13160228704881264482
rating-history-sensitivities-v1,full_primary_1988_2025,retirement_half_result_delta,fixed_primary,WTA,Roland Garros,1988,2025,4755,4755,4755,1310.3663488479149,1371,60.63365115208512,27.557651921091797,28.83280757097792,1.2751556498861225,2.06750982843378,0.18557421932482457,0.5483049456888976,38,38,38,27.028908116578076,28.109240035893684,27.266906956024414,30.402723760765053,-0.1281468479013336,2.6668069780418353,-0.20737993739829186,4.3245292056201485,0.17841663830278234,0.19281305497298531,0.530356958459737,0.5661378479632857,53,0,0,tour-Slam tournament edition,2000,2411189683119338287
rating-history-sensitivities-v1,full_primary_1988_2025,retirement_half_result_delta,fixed_primary,WTA,US Open,1988,2025,4758,4757,4757,1270.6711071131856,1256,-14.671107113185599,26.711606203766777,26.40319529114988,-0.30841091261689296,-0.506436762896292,0.17471839231904174,0.5207768575015256,38,38,38,26.146742945057913,27.354539887268718,25.17364765312566,27.58272453389353,-1.4746924555493215,0.8084108906953834,-2.4224121504533396,1.3309860686493804,0.16879653715145165,0.18043607783851473,0.5049921982228741,0.5358553987280973,45,0,0,tour-Slam tournament edition,2000,1300520298688020989
rating-history-sensitivities-v1,full_primary_1988_2025,retirement_half_result_delta,fixed_primary,WTA,Wimbledon,1988,2025,4635,4635,4635,1323.9372621033503,1303,-20.93726210335035,28.56391072499138,28.112189859762676,-0.4517208652287023,-0.7124132977618572,0.1830570889813096,0.542829134041758,37,37,37,27.951564227153455,29.2000073198397,26.55302951414716,29.701702208733547,-1.903460812692678,0.9889531122442684,-3.0018048773601205,1.559168624131535,0.17607446301431143,0.19013399638950068,0.5255830833150634,0.5601164837372664,44,0,0,tour-Slam tournament edition,2000,7060239982818415577
rating-history-sensitivities-v1,full_primary_1988_2025,retirement_no_result_delta,fixed_primary,ATP,Australian Open,1988,2025,4639,4639,4639,1456.541568413334,1296,-160.54156841333406,31.39774883408782,27.937055399870662,-3.4606934342171605,-5.264927942523676,0.17985310845043448,0.5356946502580572,38,38,38,30.870863805167723,31.93874335294792,26.50273389596906,29.269960662294512,-4.625940668216182,-2.261969727831302,-7.041252289069607,-3.434301163184229,0.17488665119694397,0.18469774810488954,0.5243468497685395,0.5469233285390891,91,0,0,tour-Slam tournament edition,2000,13801278363178060381
rating-history-sensitivities-v1,full_primary_1988_2025,retirement_no_result_delta,fixed_primary,ATP,Roland Garros,1988,2025,4663,4661,4661,1479.3681332963536,1319,-160.36813329635356,31.73928627539913,28.2986483587213,-3.440637916677828,-5.218585469180542,0.1854275437945733,0.5490460003507116,38,38,38,31.161662326672865,32.244127818040454,26.53300620364239,30.07755760595331,-5.030787151512041,-1.8098995767588595,-7.639134658959461,-2.738514361030101,0.17847583789419105,0.19221926129051492,0.5329962744146043,0.5649935978019613,85,0,0,tour-Slam tournament edition,2000,9693904565460595061
rating-history-sensitivities-v1,full_primary_1988_2025,retirement_no_result_delta,fixed_primary,ATP,US Open,1988,2025,4589,4587,4587,1446.6560382269708,1236,-210.65603822697085,31.53817393126163,26.94571615434925,-4.592457776912379,-6.937249989679724,0.18159214607502697,0.5400076863585375,38,38,38,30.96740138464883,32.10317116006479,25.668876548257852,28.226966912641593,-5.829102731270588,-3.3834268674827856,-8.75865494815655,-5.108879991713326,0.17681329128450285,0.18617172851265149,0.5290057238221142,0.5507403987635582,87,0,0,tour-Slam tournament edition,2000,6737047726006470882
rating-history-sensitivities-v1,full_primary_1988_2025,retirement_no_result_delta,fixed_primary,ATP,Wimbledon,1988,2025,4562,4562,4562,1504.6602574784877,1303,-201.66025747848767,32.98246947563541,28.562034195528277,-4.420435280107139,-6.548531370422424,0.1892034083657838,0.5593142583790333,37,37,37,32.43513576412403,33.52874012786948,27.32033327013672,29.786117870750726,-5.513973313816385,-3.397158167862441,-8.188363440570505,-5.017719655809956,0.18415590730371628,0.19436793769123342,0.5477851462128126,0.5711544064332805,90,0,0,tour-Slam tournament edition,2000,5480346223059856121
rating-history-sensitivities-v1,full_primary_1988_2025,retirement_no_result_delta,fixed_primary,WTA,Australian Open,1988,2025,4763,4763,4763,1263.8523428570047,1318,54.147657142995286,26.53479619687182,27.67163552382952,1.1368393269577008,1.8742885188604683,0.18280735845004448,0.5392817347502245,38,38,38,26.033769690927578,27.016363572086423,26.413111998318975,28.95034385762947,-0.14417043982768438,2.3802306803419957,-0.23796099955231026,3.9236801540794555,0.17722505571328864,0.18889922890861388,0.5250966615875261,0.5543660271453756,81,0,0,tour-Slam tournament edition,2000,3522007336793449834
rating-history-sensitivities-v1,full_primary_1988_2025,retirement_no_result_delta,fixed_primary,WTA,Roland Garros,1988,2025,4755,4755,4755,1305.0838775662637,1368,62.91612243373629,27.4465589393536,28.769716088328078,1.3231571489744751,2.148767266127532,0.1860036272866643,0.5493678855695598,38,38,38,26.928823111943746,27.981753595118562,27.16351589355827,30.34419022578958,-0.09497035404626303,2.7360406631873904,-0.15487614445252545,4.452424171739196,0.17889105372960032,0.19290408032821593,0.5312931920410122,0.5666213946338998,96,0,0,tour-Slam tournament edition,2000,14768073559911246195
rating-history-sensitivities-v1,full_primary_1988_2025,retirement_no_result_delta,fixed_primary,WTA,US Open,1988,2025,4758,4757,4757,1264.8174559536756,1257,-7.817455953675562,26.588552784395112,26.424216943451754,-0.16433584094335846,-0.270392634910095,0.17506137049673706,0.5215399372668661,38,38,38,26.02515125021343,27.160695202616502,25.23696692674503,27.576274502455753,-1.2374944820573226,0.9526880050525011,-2.036814946715878,1.5667962262045656,0.1690859102661106,0.18098289342334406,0.5059465138009266,0.5371649320400345,98,0,0,tour-Slam tournament edition,2000,3427470326422414598
rating-history-sensitivities-v1,full_primary_1988_2025,retirement_no_result_delta,fixed_primary,WTA,Wimbledon,1988,2025,4635,4635,4635,1318.979670397716,1295,-23.979670397716063,28.456950817642205,27.939590075512406,-0.5173607421297964,-0.8172583992351082,0.18322833223391627,0.5432390324524493,37,37,37,27.851672971882262,29.059175761921505,26.223856567260782,29.582013385169265,-2.045246088968127,0.9986623748798049,-3.2420109207811727,1.5700176455860118,0.1758022445201608,0.1903512257068272,0.5249616515935873,0.5605912118561139,82,0,0,tour-Slam tournament edition,2000,3038947440508103512
rating-history-sensitivities-v1,full_primary_1988_2025,retirement_no_result_delta,reselected_policy,ATP,Australian Open,1988,2025,4639,4639,4639,1456.541568413334,1296,-160.54156841333406,31.39774883408782,27.937055399870662,-3.4606934342171605,-5.264927942523676,0.17985310845043448,0.5356946502580572,38,38,38,30.868188265712863,31.968860178387896,26.549877323682008,29.331089045188484,-4.676804305730365,-2.280075826400404,-7.118809016949969,-3.476385994467339,0.17509441537577042,0.18454176041083958,0.5247289664005325,0.5466579563464286,91,0,0,tour-Slam tournament edition,2000,3134751004194417107
rating-history-sensitivities-v1,full_primary_1988_2025,retirement_no_result_delta,reselected_policy,ATP,Roland Garros,1988,2025,4663,4661,4661,1479.3681332963536,1319,-160.36813329635356,31.73928627539913,28.2986483587213,-3.440637916677828,-5.218585469180542,0.1854275437945733,0.5490460003507116,38,38,38,31.21036458141551,32.24077605627175,26.55022537025113,30.051535437826896,-4.9884908996475845,-1.929790526080706,-7.590768075759736,-2.9239868765498356,0.17844443153565692,0.19216065771391705,0.5327444633450106,0.564268081749113,85,0,0,tour-Slam tournament edition,2000,7143599419065882346
rating-history-sensitivities-v1,full_primary_1988_2025,retirement_no_result_delta,reselected_policy,ATP,US Open,1988,2025,4589,4587,4587,1446.6560382269708,1236,-210.65603822697085,31.53817393126163,26.94571615434925,-4.592457776912379,-6.937249989679724,0.18159214607502697,0.5400076863585375,38,38,38,30.969023250931123,32.09849282821336,25.57963889203743,28.209638717277098,-5.781140414708246,-3.424220608245278,-8.75339582106981,-5.1577320513040465,0.17662982603088834,0.18629867728299196,0.5284241952290032,0.5508875846435001,87,0,0,tour-Slam tournament edition,2000,1684759122627422701
rating-history-sensitivities-v1,full_primary_1988_2025,retirement_no_result_delta,reselected_policy,ATP,Wimbledon,1988,2025,4562,4562,4562,1504.6602574784877,1303,-201.66025747848767,32.98246947563541,28.562034195528277,-4.420435280107139,-6.548531370422424,0.1892034083657838,0.5593142583790333,37,37,37,32.413768267445796,33.51960527629606,27.288596337600314,29.80144777961854,-5.5004965598767575,-3.3777214173119807,-8.154935126539618,-5.00518624689153,0.18366923088783668,0.19423057032188154,0.5468792470298746,0.5707895533103126,90,0,0,tour-Slam tournament edition,2000,18330738320799131850
rating-history-sensitivities-v1,full_primary_1988_2025,retirement_no_result_delta,reselected_policy,WTA,Australian Open,1988,2025,4763,4763,4763,1448.7465114707052,1324,-124.74651147070517,30.416680904276827,27.797606550493388,-2.6190743537834384,-4.092734404589669,0.1829398815706323,0.5411968830821535,38,38,38,30.003028087459555,30.83119925383769,26.631655187390933,29.056639478236033,-3.7770496669473435,-1.2979783062999417,-5.905494471699486,-2.0310688532873216,0.17796814673277872,0.18836754758294316,0.5294595071342921,0.5540484393277401,223,0,0,tour-Slam tournament edition,2000,13992118081117338460
rating-history-sensitivities-v1,full_primary_1988_2025,retirement_no_result_delta,reselected_policy,WTA,Roland Garros,1988,2025,4755,4755,4755,1484.2179300175137,1357,-127.21793001751371,31.213836593428262,28.53838065194532,-2.675455941482938,-4.135259302557355,0.18479985226369317,0.5469364687752575,38,38,38,30.750457734167277,31.68300366162956,26.927095702203516,30.208762226231535,-4.0757749582209195,-1.153498340295783,-6.310062326639556,-1.7785238119100912,0.17856685935298383,0.19132474809094027,0.5318992116131983,0.5621955423620456,211,0,0,tour-Slam tournament edition,2000,10608213976851966894
rating-history-sensitivities-v1,full_primary_1988_2025,retirement_no_result_delta,reselected_policy,WTA,US Open,1988,2025,4758,4757,4757,1440.8514663980347,1267,-173.85146639803474,30.289078545260345,26.634433466470462,-3.654645078789883,-5.712746955062156,0.17627739210360185,0.526355461553718,38,38,38,29.766807018259055,30.837750836197767,25.347653869186242,27.95631169922285,-4.766504214359639,-2.58244730611849,-7.456232744666503,-4.030960203874773,0.17096431160231704,0.18185566409726875,0.5133906337524942,0.5398769482073859,200,0,0,tour-Slam tournament edition,2000,14968988382992486520
rating-history-sensitivities-v1,full_primary_1988_2025,retirement_no_result_delta,reselected_policy,WTA,Wimbledon,1988,2025,4635,4635,4635,1488.5546680745224,1317,-171.5546680745224,32.1155268192993,28.41423948220065,-3.7012873370986497,-5.582813789713227,0.18543506963059328,0.5498778098044781,37,37,37,31.601306679397965,32.66245206582451,26.864947744001018,29.98288753041783,-5.086035326295711,-2.2785390868636948,-7.686532975439568,-3.438480161360874,0.17935459447496746,0.19200928028916853,0.5356114067029738,0.5655272185266567,196,0,0,tour-Slam tournament edition,2000,12937699958527357465
rating-history-sensitivities-v1,full_primary_1988_2025,retirement_strict_skip,fixed_primary,ATP,Australian Open,1988,2025,4639,4639,4639,1456.5415684133336,1296,-160.5415684133336,31.397748834087814,27.937055399870662,-3.4606934342171503,-5.264927942523661,0.17985310845043448,0.5356946502580573,38,38,38,30.84145664792905,31.93345476127202,26.535378665264528,29.278898393957224,-4.655080399639149,-2.2869050965662314,-7.094024343515236,-3.486832693073073,0.17485135176984,0.18456666992544093,0.5241159191034722,0.5468600033644293,91,0,0,tour-Slam tournament edition,2000,17003060872627113571
rating-history-sensitivities-v1,full_primary_1988_2025,retirement_strict_skip,fixed_primary,ATP,Roland Garros,1988,2025,4663,4661,4661,1479.368133296353,1319,-160.3681332963531,31.73928627539912,28.2986483587213,-3.4406379166778183,-5.2185854691805265,0.1854275437945733,0.5490460003507118,38,38,38,31.173259008065443,32.24755906550061,26.613767960540425,30.071167127224307,-4.901646745369652,-1.8504167709835269,-7.456023467155537,-2.8008701408116745,0.17885903800677086,0.19223025851237485,0.5336443541268977,0.5646541525782816,85,0,0,tour-Slam tournament edition,2000,3820711079317247249
rating-history-sensitivities-v1,full_primary_1988_2025,retirement_strict_skip,fixed_primary,ATP,US Open,1988,2025,4589,4587,4587,1446.6560382269708,1236,-210.65603822697085,31.53817393126163,26.94571615434925,-4.592457776912379,-6.937249989679725,0.18159214607502697,0.5400076863585376,38,38,38,30.945066650720342,32.10860684893537,25.600633673424596,28.22714498990076,-5.804825818863592,-3.40905945328319,-8.74874399835633,-5.1601088780085975,0.17672472616289286,0.1863587261553593,0.5288428544910879,0.5510361696510104,87,0,0,tour-Slam tournament edition,2000,568326293649088876
rating-history-sensitivities-v1,full_primary_1988_2025,retirement_strict_skip,fixed_primary,ATP,Wimbledon,1988,2025,4562,4562,4562,1504.6602574784877,1303,-201.66025747848767,32.98246947563541,28.562034195528277,-4.420435280107139,-6.548531370422424,0.1892034083657838,0.5593142583790334,37,37,37,32.39471551789046,33.52902696503215,27.32445675911771,29.794220665499125,-5.498682804344127,-3.351872742926556,-8.146332762956922,-4.971753803496064,0.18403466739759775,0.19425181609158834,0.547531200190131,0.5709122956984979,90,0,0,tour-Slam tournament edition,2000,597672120229742780
rating-history-sensitivities-v1,full_primary_1988_2025,retirement_strict_skip,fixed_primary,WTA,Australian Open,1988,2025,4763,4763,4763,1263.8523428570047,1318,54.147657142995286,26.53479619687182,27.67163552382952,1.1368393269577008,1.8742885188604683,0.18280735845004448,0.5392817347502245,38,38,38,26.023013259174252,27.01501422768108,26.399504643444047,28.94585146013567,-0.09732445787581644,2.4438446146753456,-0.16052849642790326,4.003801147767514,0.1768858736283746,0.18909286042746287,0.5245365385528226,0.5546468493590813,81,0,0,tour-Slam tournament edition,2000,10908895054130162608
rating-history-sensitivities-v1,full_primary_1988_2025,retirement_strict_skip,fixed_primary,WTA,Roland Garros,1988,2025,4755,4755,4755,1305.0838775662637,1368,62.91612243373629,27.4465589393536,28.769716088328078,1.3231571489744751,2.148767266127532,0.1860036272866643,0.5493678855695598,38,38,38,26.926355526355763,27.99744726366515,27.12749133534782,30.28645427292843,-0.09441003988152429,2.713871598348006,-0.153398733680004,4.40364290220867,0.1785343597994914,0.19294298981565472,0.5306402920321559,0.5666256506712599,96,0,0,tour-Slam tournament edition,2000,12517880329892916126
rating-history-sensitivities-v1,full_primary_1988_2025,retirement_strict_skip,fixed_primary,WTA,US Open,1988,2025,4758,4757,4757,1264.8174559536756,1257,-7.817455953675562,26.588552784395112,26.424216943451754,-0.16433584094335846,-0.270392634910095,0.17506137049673706,0.5215399372668661,38,38,38,26.028380659410686,27.181767041271744,25.205479452054792,27.615982386244497,-1.2689205995566673,0.9038453427183626,-2.08014580654102,1.4867018449569007,0.16944747309324457,0.181012606098801,0.5064775671797471,0.5371053190276894,98,0,0,tour-Slam tournament edition,2000,6099606604953507011
rating-history-sensitivities-v1,full_primary_1988_2025,retirement_strict_skip,fixed_primary,WTA,Wimbledon,1988,2025,4635,4635,4635,1318.979670397716,1295,-23.979670397716063,28.456950817642205,27.939590075512406,-0.5173607421297964,-0.8172583992351082,0.18322833223391627,0.5432390324524493,37,37,37,27.833302703222248,29.088386369010422,26.394232949154365,29.592963447570288,-1.9348045140123473,1.038738037366437,-3.0539164911645753,1.632840894107915,0.1760722176455932,0.1903380674325988,0.5255138027458214,0.5607789776042836,82,0,0,tour-Slam tournament edition,2000,7104521038526435365
rating-history-sensitivities-v1,full_primary_1988_2025,retirement_strict_skip,reselected_policy,ATP,Australian Open,1988,2025,4639,4639,4639,1324.297812433425,1290,-34.29781243342495,28.54705351225318,27.807717180426817,-0.7393363318263624,-1.1679251288827506,0.1780056298236627,0.5287165193878631,38,38,38,27.94121067664744,29.139805736420367,26.45318904499825,29.141158038809724,-1.84295412840239,0.4349642770775655,-2.918288422534138,0.6880036011431822,0.17297239065353623,0.18338042671261295,0.5165522584160843,0.5415619410419146,95,0,0,tour-Slam tournament edition,2000,16716225314624189098
rating-history-sensitivities-v1,full_primary_1988_2025,retirement_strict_skip,reselected_policy,ATP,Roland Garros,1988,2025,4663,4661,4661,1342.6285369467435,1316,-26.628536946743452,28.80558972209276,28.234284488307228,-0.5713052337855278,-0.899988975751841,0.18394750044715413,0.5434837111096708,38,38,38,28.221517222891613,29.328948264550483,26.459765702599384,30.126439988874758,-2.0977638126704323,1.1442894502496457,-3.3015816828240325,1.8041297853778324,0.17643079043371715,0.1914553910934004,0.5252667921794851,0.5617288265421311,92,0,0,tour-Slam tournament edition,2000,1316148299681791868
rating-history-sensitivities-v1,full_primary_1988_2025,retirement_strict_skip,reselected_policy,ATP,US Open,1988,2025,4589,4587,4587,1317.86111637704,1241,-76.86111637703993,28.730349168891212,27.054719860475256,-1.6756293084159568,-2.6263124266218574,0.17982472073464922,0.5335636993793765,38,38,38,28.122697170100537,29.31222053384652,25.793025763515054,28.282987971077585,-2.8068639581911063,-0.5157112076280783,-4.384405090909302,-0.8080144841445015,0.1743491529142689,0.18487290014291774,0.5204424199889923,0.545549612188168,88,0,0,tour-Slam tournament edition,2000,11334336152308429147
rating-history-sensitivities-v1,full_primary_1988_2025,retirement_strict_skip,reselected_policy,ATP,Wimbledon,1988,2025,4562,4562,4562,1383.0644497506569,1310,-73.06444975065688,30.317063782346708,28.715475668566416,-1.601588113780291,-2.449352198579557,0.18742145092375415,0.5536802602698259,37,37,37,29.707710974267815,30.867211200636472,27.45181741698431,29.989134112200144,-2.6904036274729584,-0.5593121214344715,-4.122416476025427,-0.8548483027611702,0.18145154327039267,0.19309506091136164,0.5393616204148042,0.5674392790273816,93,0,0,tour-Slam tournament edition,2000,856761151002086644
rating-history-sensitivities-v1,full_primary_1988_2025,retirement_strict_skip,reselected_policy,WTA,Australian Open,1988,2025,4763,4763,4763,1263.8523428570047,1318,54.147657142995286,26.53479619687182,27.67163552382952,1.1368393269577008,1.8742885188604683,0.18280735845004448,0.5392817347502245,38,38,38,26.055651180987166,27.023068124117252,26.445717851968347,29.0512174643157,-0.12481987819916884,2.451252648442115,-0.20461608877759904,4.046016580114286,0.17721228751251566,0.18922187156810646,0.5254479422800226,0.5553219872744354,81,0,0,tour-Slam tournament edition,2000,12220327424590335320
rating-history-sensitivities-v1,full_primary_1988_2025,retirement_strict_skip,reselected_policy,WTA,Roland Garros,1988,2025,4755,4755,4755,1305.0838775662637,1368,62.91612243373629,27.4465589393536,28.769716088328078,1.3231571489744751,2.148767266127532,0.1860036272866643,0.5493678855695598,38,38,38,26.914224677889003,28.027031276095904,27.123446274388435,30.392564872947943,-0.11294396077578839,2.7632505737881776,-0.18338220317543644,4.492034972329412,0.1782335643703578,0.1931716732883353,0.5297455091968603,0.5674834930350068,96,0,0,tour-Slam tournament edition,2000,5653932544341194306
rating-history-sensitivities-v1,full_primary_1988_2025,retirement_strict_skip,reselected_policy,WTA,US Open,1988,2025,4758,4757,4757,1264.8174559536756,1257,-7.817455953675562,26.588552784395112,26.424216943451754,-0.16433584094335846,-0.270392634910095,0.17506137049673706,0.5215399372668661,38,38,38,26.0238792828159,27.177441952198244,25.21529752932587,27.632811833251704,-1.29021960543403,0.9234239880246048,-2.114196524209788,1.5351503893816123,0.16908296484857616,0.1808773907522901,0.505673296283339,0.5368347250509508,98,0,0,tour-Slam tournament edition,2000,7588031839837036281
rating-history-sensitivities-v1,full_primary_1988_2025,retirement_strict_skip,reselected_policy,WTA,Wimbledon,1988,2025,4635,4635,4635,1318.979670397716,1295,-23.979670397716063,28.456950817642205,27.939590075512406,-0.5173607421297964,-0.8172583992351082,0.18322833223391627,0.5432390324524493,37,37,37,27.880855613399056,29.080427530495356,26.371377434823582,29.57149634588656,-1.984729555503398,0.9823950934711421,-3.1518156109640354,1.5456460801567586,0.17584574188687563,0.19029336416948475,0.5249481451421596,0.5607250724998122,82,0,0,tour-Slam tournament edition,2000,15602664347012182859
rating-history-sensitivities-v1,frozen_market_common,probable_duplicates_current,fixed_primary,ATP,Australian Open,2001,2025,2958,2958,2958,909.5793344147445,777,-132.5793344147445,30.749808465677635,26.267748478701826,-4.482059986975811,-5.481519388060833,0.17326415555500105,0.520903781169904,25,25,25,30.246897188928823,31.29074248146507,24.851559790044572,27.721449760876254,-5.79079290788644,-3.149698635749918,-7.097652716833965,-3.8598513249902746,0.16781660609961113,0.17866217207226234,0.5083395111360998,0.5339650339767129,0,0,0,tour-Slam tournament edition,2000,11690980797389262077
rating-history-sensitivities-v1,frozen_market_common,probable_duplicates_current,fixed_primary,ATP,Roland Garros,2001,2025,3036,3034,3034,945.1475023354423,820,-125.14750233544225,31.15186230505742,27.027027027027025,-4.124835278030397,-5.08312306997127,0.17708420933392124,0.5293585139121528,25,25,25,30.51213751180057,31.74398045341235,25.016457655149612,29.075791794765614,-5.949469939416809,-2.2926244263431013,-7.340382423700258,-2.8209662408247325,0.17005026943219656,0.18438566167971646,0.5129255456922782,0.5461062781259974,0,0,0,tour-Slam tournament edition,2000,11659828118621442089
rating-history-sensitivities-v1,frozen_market_common,probable_duplicates_current,fixed_primary,ATP,US Open,2001,2025,2992,2991,2991,927.8157361376749,806,-121.81573613767489,31.020251960470578,26.947509194249417,-4.07274276622116,-4.997659927506041,0.17805560077910404,0.5311987512893642,25,25,25,30.37074228208938,31.69071293856796,25.092602145201226,28.817267909723334,-5.616491121500686,-2.413601726133297,-6.899550239218881,-2.957879394214202,0.1716599167535644,0.18426989255114445,0.5166057258539666,0.5454518868202314,0,0,0,tour-Slam tournament edition,2000,10268048765456894458
rating-history-sensitivities-v1,frozen_market_common,probable_duplicates_current,fixed_primary,ATP,Wimbledon,2001,2025,2933,2933,2933,954.3254039372794,804,-150.32540393727936,32.53751803400203,27.41220593249233,-5.125312101509695,-6.113699693070875,0.183445398770202,0.5462922583311969,24,24,24,31.907617640039494,33.201645195668,25.888971611304033,28.896153713655774,-6.462261482150336,-4.016475040135435,-7.6967093646657565,-4.778332832692329,0.17697600165961042,0.18953907965836228,0.531256768003084,0.5600505808112654,0,0,0,tour-Slam tournament edition,2000,918803405532022797
rating-history-sensitivities-v1,frozen_market_common,probable_duplicates_current,fixed_primary,WTA,Australian Open,2007,2025,2382,2382,2382,650.5809691450413,690,39.41903085495869,27.312383255459334,28.967254408060455,1.6548711526011206,1.8981992106656858,0.18735984307323328,0.5521508246939042,19,19,19,26.576017134044708,28.089302108548843,27.3341711783448,30.7471663114502,0.1555693179012021,3.367010509278682,0.1788193770485689,3.846113918706917,0.17900003356214414,0.19674786499304653,0.5320240042394617,0.5745906669416437,0,0,0,tour-Slam tournament edition,2000,14932405257650243291
rating-history-sensitivities-v1,frozen_market_common,probable_duplicates_current,fixed_primary,WTA,Roland Garros,2007,2025,2368,2368,2368,678.4226680504917,711,32.577331949508334,28.649605914294412,30.02533783783784,1.3757319235434262,1.5437361986482034,0.19224126310871528,0.5642973886820751,19,19,19,27.95886217834569,29.327728321616444,28.246679809089024,32.15040135192226,-0.31168880280641953,3.311203657793872,-0.34931811165149634,3.7123098262362326,0.1842942209658492,0.2006580982947442,0.5441403447169766,0.5853764625679565,0,0,0,tour-Slam tournament edition,2000,503807824941581809
rating-history-sensitivities-v1,frozen_market_common,probable_duplicates_current,fixed_primary,WTA,US Open,2007,2025,2375,2375,2375,663.1936437274737,677,13.806356272526273,27.923942893788368,28.505263157894735,0.5813202641063694,0.6603802306039527,0.18654515375744257,0.5529388755921089,19,19,19,27.09966463618119,28.716230357629254,27.380360118177304,29.898757295359466,-0.6138750482506463,1.949719682676841,-0.6952726124918985,2.2274561822433774,0.1806967117606381,0.19280372292353556,0.5373081764512311,0.56898916428296,0,0,0,tour-Slam tournament edition,2000,12876458459749079702
rating-history-sensitivities-v1,frozen_market_common,probable_duplicates_current,fixed_primary,WTA,Wimbledon,2007,2025,2242,2242,2242,668.8619884419818,686,17.138011558018206,29.83327334709999,30.597680642283674,0.7644072951836844,0.8221501402047833,0.19569670368779635,0.5742403102048195,18,18,18,28.902637137681698,30.66298898584093,28.60946757916992,32.51459736330562,-1.1632809426278155,2.698337752602386,-1.2501127451642753,2.916331328520143,0.1874088642789192,0.20355179867874248,0.5541033796414825,0.5931677866160447,0,0,0,tour-Slam tournament edition,2000,12687834473040386207
rating-history-sensitivities-v1,frozen_market_common,probable_duplicates_keep_one,fixed_primary,ATP,Australian Open,2001,2025,2958,2958,2958,909.5793312546921,777,-132.57933125469208,30.749808358846927,26.267748478701826,-4.4820598801451,-5.48151926244019,0.17326415528014844,0.5209037805398723,25,25,25,30.251320244299016,31.285652465065034,24.752193387040567,27.62300950119099,-5.803656170771272,-3.199622585624801,-7.127911921738937,-3.9317517188431657,0.1676068090222662,0.17832815268662092,0.5075862602742788,0.5330458764398145,0,0,0,tour-Slam tournament edition,2000,15464237260601285242
rating-history-sensitivities-v1,frozen_market_common,probable_duplicates_keep_one,fixed_primary,ATP,Roland Garros,2001,2025,3036,3034,3034,945.1474899936144,820,-125.14748999361439,31.151861898273378,27.027027027027025,-4.124834871246354,-5.083122547702674,0.17708426507957928,0.5293586530471938,25,25,25,30.49281537815226,31.754077552068473,24.950358582575266,29.089844825603077,-5.91884768944528,-2.291589167505586,-7.325255418359624,-2.818165096965472,0.16972875837313833,0.18443850024944938,0.5123222201688866,0.5462630147614821,0,0,0,tour-Slam tournament edition,2000,9658447550668440652
rating-history-sensitivities-v1,frozen_market_common,probable_duplicates_keep_one,fixed_primary,ATP,US Open,2001,2025,2992,2991,2991,927.8157291138052,806,-121.81572911380522,31.020251725637088,26.947509194249417,-4.072742531387671,-4.997659661870941,0.17805561686168075,0.5311987888822839,25,25,25,30.35623554576764,31.681199984271835,25.15915357826586,28.743738889668805,-5.597110820861124,-2.5245763167472783,-6.870501309463191,-3.11167152508206,0.1719120946851141,0.18406058724930852,0.5172217647085757,0.5452154473560579,0,0,0,tour-Slam tournament edition,2000,17554591400496156914
rating-history-sensitivities-v1,frozen_market_common,probable_duplicates_keep_one,fixed_primary,ATP,Wimbledon,2001,2025,2933,2933,2933,954.3253859717416,804,-150.32538597174164,32.53751742147091,27.41220593249233,-5.125311488978577,-6.113699024780743,0.18344538639287913,0.5462922243564833,24,24,24,31.881596532828752,33.186004800972384,26.008133598543676,28.975391428444194,-6.321313417108105,-3.8901850001460385,-7.5462392039026325,-4.629350789444251,0.177406570764667,0.189597908545274,0.5325685512916054,0.5603136762250386,0,0,0,tour-Slam tournament edition,2000,9434045681133736556
rating-history-sensitivities-v1,frozen_market_common,probable_duplicates_keep_one,fixed_primary,WTA,Australian Open,2007,2025,2382,2382,2382,650.5824025254495,690,39.41759747455046,27.31244343095926,28.967254408060455,1.654810977101195,1.8981285126474945,0.18735972328927986,0.5521504845233178,19,19,19,26.561738628531824,28.013364814405104,27.341354996799435,30.743385132297355,0.14050537662508586,3.363855781141323,0.16184617954878316,3.872871521282253,0.17914952931296604,0.19651071040463797,0.5325511509900255,0.5740031626861446,0,0,0,tour-Slam tournament edition,2000,16556554140462110299
rating-history-sensitivities-v1,frozen_market_common,probable_duplicates_keep_one,fixed_primary,WTA,Roland Garros,2007,2025,2368,2368,2368,678.4255128227064,711,32.57448717729358,28.649726048256184,30.02533783783784,1.3756117895816544,1.5435988951911699,0.1922410270943044,0.5642968405990051,19,19,19,27.947516545796603,29.336299958499154,28.228698645648997,31.99886407708741,-0.20097180527802846,3.089779730326293,-0.22434492288550736,3.4468798236712628,0.18464217082402312,0.20034440957495414,0.5452833747576696,0.5843647704393639,0,0,0,tour-Slam tournament edition,2000,1873566645869923973
rating-history-sensitivities-v1,frozen_market_common,probable_duplicates_keep_one,fixed_primary,WTA,US Open,2007,2025,2375,2375,2375,663.1948751002045,677,13.805124899795487,27.923994741061243,28.505263157894735,0.5812684168334942,0.660320861860805,0.18654510768549284,0.5529387123762017,19,19,19,27.09976997749289,28.69359435312331,27.31500567692428,29.780057005033377,-0.7015875584323389,1.9210209578015172,-0.7883626828307706,2.17870636295424,0.1808116629956393,0.1922504677992549,0.537689629897583,0.5675048114944311,0,0,0,tour-Slam tournament edition,2000,11895457749531163415
rating-history-sensitivities-v1,frozen_market_common,probable_duplicates_keep_one,fixed_primary,WTA,Wimbledon,2007,2025,2242,2242,2242,668.8629790534327,686,17.137020946567304,29.83331753137523,30.597680642283674,0.7643631109084434,0.8221020897479676,0.19569659899197625,0.5742400886129166,18,18,18,28.962940703905073,30.69734115450047,28.685501173348843,32.605156931725865,-0.9996344868303039,2.6353488376994654,-1.077281681566603,2.8652269978054803,0.18775962988871261,0.20404940242523462,0.5545652866184773,0.5939263708216725,0,0,0,tour-Slam tournament edition,2000,13444853737844983859
rating-history-sensitivities-v1,frozen_market_common,probable_duplicates_skip_all,fixed_primary,ATP,Australian Open,2001,2025,2958,2958,2958,909.5793348377903,777,-132.57933483779027,30.749808479979386,26.267748478701826,-4.482060001277562,-5.481519404769966,0.17326415556770292,0.5209037811860324,25,25,25,30.263354382619994,31.279518099200605,24.887165862024723,27.647797770239965,-5.727656128332592,-3.1670720342269623,-7.009250281343057,-3.904737911534705,0.16795297929797318,0.17850065954515273,0.5084374872362107,0.5332591009413565,0,0,0,tour-Slam tournament edition,2000,724560307046447838
rating-history-sensitivities-v1,frozen_market_common,probable_duplicates_skip_all,fixed_primary,ATP,Roland Garros,2001,2025,3036,3034,3034,945.1474826616727,820,-125.14748266167271,31.151861656614127,27.027027027027025,-4.124834629587103,-5.083122219859581,0.1770843207982719,0.5293587922629434,25,25,25,30.52246865278948,31.75821626551156,24.983648371913496,29.15838466897497,-5.844535594259769,-2.1916163446114565,-7.212299519247817,-2.6971429071832413,0.16974304025774498,0.18429764116607614,0.5122727795604446,0.5463102788891955,0,0,0,tour-Slam tournament edition,2000,9064095605336980451
rating-history-sensitivities-v1,frozen_market_common,probable_duplicates_skip_all,fixed_primary,ATP,US Open,2001,2025,2992,2991,2991,927.8157266244032,806,-121.81572662440317,31.02025164240733,26.947509194249417,-4.072742448157913,-4.997659573823401,0.17805563359740095,0.5311988280554402,25,25,25,30.376312126386335,31.688460518062904,25.18158477345523,28.781659750483538,-5.550556388980642,-2.4897123564111134,-6.813750546963942,-3.0516609524407254,0.1720822978447649,0.18443676189356478,0.5174317777823444,0.5457896239888229,0,0,0,tour-Slam tournament edition,2000,105616936501309185
rating-history-sensitivities-v1,frozen_market_common,probable_duplicates_skip_all,fixed_primary,ATP,Wimbledon,2001,2025,2933,2933,2933,954.3253728820167,804,-150.32537288201672,32.53751697517957,27.41220593249233,-5.1253110426872395,-6.113698544150156,0.18344537441571482,0.5462921913093591,24,24,24,31.8541828723908,33.177592188419595,25.976684730686294,28.94651615904685,-6.363882326740851,-3.8902764103327523,-7.588557120047725,-4.6176556863767555,0.17736132783281727,0.18978583509176347,0.5320863030317448,0.5608547350788503,0,0,0,tour-Slam tournament edition,2000,3108593137545369251
rating-history-sensitivities-v1,frozen_market_common,probable_duplicates_skip_all,fixed_primary,WTA,Australian Open,2007,2025,2382,2382,2382,650.5837028088504,690,39.416297191149624,27.312498018843424,28.967254408060455,1.6547563892170287,1.8980643787783698,0.18735961295724282,0.5521501709445125,19,19,19,26.514641729625485,28.02612518798771,27.386337037744447,30.695215459129123,0.19232045274878662,3.274629519798815,0.21970457199075738,3.750454652388645,0.17937578643251081,0.19605681296018873,0.5329101914775416,0.5733446560604613,0,0,0,tour-Slam tournament edition,2000,4733317148630298346
rating-history-sensitivities-v1,frozen_market_common,probable_duplicates_skip_all,fixed_primary,WTA,Roland Garros,2007,2025,2368,2368,2368,678.4281705978098,711,32.57182940219025,28.64983828538048,30.02533783783784,1.3754995524573583,1.5434706122274098,0.19224080693338613,0.5642963292036992,19,19,19,27.944151258438076,29.331523904638086,28.1975517095821,32.094633778654234,-0.2320987347397215,3.1678937452830187,-0.2604056302227669,3.5521659008956474,0.18412449437452463,0.20012133470805848,0.544265767659467,0.5837054062798217,0,0,0,tour-Slam tournament edition,2000,1730370201974443912
rating-history-sensitivities-v1,frozen_market_common,probable_duplicates_skip_all,fixed_primary,WTA,US Open,2007,2025,2375,2375,2375,663.1959904490176,677,13.804009550982414,27.92404170311653,28.505263157894735,0.5812214547782069,0.6602670871323292,0.18654506581294586,0.5529385641109488,19,19,19,27.121942190522162,28.744419540142697,27.341453170936582,29.882577881421444,-0.5863766763054223,1.9570699121296726,-0.6620474866481451,2.212244518197524,0.1804111070464601,0.19263563933511632,0.5369573637838563,0.5685247902832428,0,0,0,tour-Slam tournament edition,2000,13863931520546457876
rating-history-sensitivities-v1,frozen_market_common,probable_duplicates_skip_all,fixed_primary,WTA,Wimbledon,2007,2025,2242,2242,2242,668.8638738079262,686,17.13612619207379,29.833357440139437,30.597680642283674,0.7643232021442368,0.8220586877426562,0.19569650289049859,0.574239885155074,18,18,18,28.972350752334552,30.69210524508241,28.545384407957815,32.48665927713481,-1.1219903683388177,2.6574879192556264,-1.2045606459968894,2.87145253198063,0.18761256236975526,0.20351322093953517,0.554644413099613,0.5927318752720833,0,0,0,tour-Slam tournament edition,2000,15218185013670013093
rating-history-sensitivities-v1,frozen_market_common,retirement_full_update,fixed_primary,ATP,Australian Open,2001,2025,2958,2958,2958,909.5793344147445,777,-132.5793344147445,30.749808465677635,26.267748478701826,-4.482059986975811,-5.481519388060833,0.17326415555500105,0.520903781169904,25,25,25,30.254320912239287,31.271977201083935,24.823860399841976,27.732185724896926,-5.7950067779914844,-3.128587030504464,-7.119579553016758,-3.8205899590136707,0.16819589389620007,0.17879832345794647,0.509072541090988,0.5338460690246049,0,0,0,tour-Slam tournament edition,2000,4053672515797689513
rating-history-sensitivities-v1,frozen_market_common,retirement_full_update,fixed_primary,ATP,Roland Garros,2001,2025,3036,3034,3034,945.1475023354423,820,-125.14750233544225,31.15186230505742,27.027027027027025,-4.124835278030397,-5.08312306997127,0.17708420933392124,0.5293585139121528,25,25,25,30.499149705894467,31.71950973764542,24.88375627497548,29.111848917883403,-6.008643960289209,-2.251409580360029,-7.449317045090138,-2.780566048617351,0.17002841426601725,0.1843161678113575,0.5125714230330971,0.5465162085538036,0,0,0,tour-Slam tournament edition,2000,10973383970860119060
rating-history-sensitivities-v1,frozen_market_common,retirement_full_update,fixed_primary,ATP,US Open,2001,2025,2992,2991,2991,927.8157361376749,806,-121.81573613767489,31.020251960470578,26.947509194249417,-4.07274276622116,-4.997659927506041,0.17805560077910404,0.5311987512893642,25,25,25,30.33988069061146,31.674392072249518,25.132626989525964,28.870596230035353,-5.6395364320982395,-2.4232207110774264,-6.9348714285891875,-2.9721575607420374,0.17190301056896476,0.18461010432821962,0.5174307709512075,0.5458261589001799,0,0,0,tour-Slam tournament edition,2000,1076742768296865967
rating-history-sensitivities-v1,frozen_market_common,retirement_full_update,fixed_primary,ATP,Wimbledon,2001,2025,2933,2933,2933,954.3254039372794,804,-150.32540393727936,32.53751803400203,27.41220593249233,-5.125312101509695,-6.113699693070875,0.183445398770202,0.5462922583311969,24,24,24,31.85514408332402,33.17946359006259,25.925284702985536,29.02687038951798,-6.411229697915522,-3.886854357620386,-7.637069781609162,-4.623193767782429,0.17762445977178865,0.18957189988944656,0.5329511081464693,0.5602989306522074,0,0,0,tour-Slam tournament edition,2000,15321111496822392533
rating-history-sensitivities-v1,frozen_market_common,retirement_full_update,fixed_primary,WTA,Australian Open,2007,2025,2382,2382,2382,650.5809691450413,690,39.41903085495869,27.312383255459334,28.967254408060455,1.6548711526011206,1.8981992106656858,0.18735984307323328,0.5521508246939042,19,19,19,26.546859129537378,28.059712372436252,27.379837488799232,30.763105361288158,0.20749015612566252,3.2621971885845182,0.23788651437042566,3.748406146291143,0.17933799958616126,0.19658978540365718,0.5323506461701419,0.5742794359752028,0,0,0,tour-Slam tournament edition,2000,14009439694683530862
rating-history-sensitivities-v1,frozen_market_common,retirement_full_update,fixed_primary,WTA,Roland Garros,2007,2025,2368,2368,2368,678.4226680504917,711,32.577331949508334,28.649605914294412,30.02533783783784,1.3757319235434262,1.5437361986482034,0.19224126310871528,0.5642973886820751,19,19,19,27.94933918977119,29.384147563987614,28.168257743853733,32.078206638255665,-0.28902368860686645,3.2138053371715567,-0.3241592755394884,3.588914901212169,0.18452794875641781,0.2003743714158751,0.5452384421289858,0.5846967199912873,0,0,0,tour-Slam tournament edition,2000,4944968138640637766
rating-history-sensitivities-v1,frozen_market_common,retirement_full_update,fixed_primary,WTA,US Open,2007,2025,2375,2375,2375,663.1936437274737,677,13.806356272526273,27.923942893788368,28.505263157894735,0.5813202641063694,0.6603802306039527,0.18654515375744257,0.5529388755921089,19,19,19,27.131167912236627,28.718988975213364,27.379873466515434,29.974704890387862,-0.6210346865444435,2.0034812863961027,-0.7028395625654533,2.2971096856934388,0.18075571894635112,0.19302754289822918,0.5377304391976229,0.5695169476445847,0,0,0,tour-Slam tournament edition,2000,1588478308610291719
rating-history-sensitivities-v1,frozen_market_common,retirement_full_update,fixed_primary,WTA,Wimbledon,2007,2025,2242,2242,2242,668.8619884419818,686,17.138011558018206,29.83327334709999,30.597680642283674,0.7644072951836844,0.8221501402047833,0.19569670368779635,0.5742403102048195,18,18,18,28.98634958197975,30.710586585600907,28.61559169185492,32.6935736128062,-1.1029751059030697,2.7737285079470313,-1.1863147127899314,2.9877224454755895,0.1875416531384989,0.2042922745064929,0.5544810597321423,0.5949336009572754,0,0,0,tour-Slam tournament edition,2000,7471958381987309469
rating-history-sensitivities-v1,frozen_market_common,retirement_half_result_delta,fixed_primary,ATP,Australian Open,2001,2025,2958,2958,2958,907.5706495000559,785,-122.57064950005588,30.681901605816627,26.53820148749155,-4.14370011832508,-5.071383787625668,0.17329704519145625,0.5209053735638202,25,25,25,30.15433449351808,31.22251882767663,25.034164006823005,28.033388450148074,-5.443246675795095,-2.7872733236050378,-6.668247313710161,-3.401068437728105,0.1679263928950646,0.17849295982771113,0.5086598320180722,0.5332498692496155,32,0,0,tour-Slam tournament edition,2000,16556682575336126815
rating-history-sensitivities-v1,frozen_market_common,retirement_half_result_delta,fixed_primary,ATP,Roland Garros,2001,2025,3036,3034,3034,943.5019450380518,815,-128.50194503805176,31.09762508365365,26.862228081740277,-4.235397001913373,-5.222068531704533,0.17720313675738905,0.5295656992123239,25,25,25,30.418035170173805,31.691127492352745,24.808923859457057,29.00138011331903,-6.10951791258393,-2.3583235958200954,-7.565986230320927,-2.8986935170917287,0.17004931642645227,0.18446119141530942,0.5131251937242077,0.5463579535979824,37,0,0,tour-Slam tournament edition,2000,9830493242679020070
rating-history-sensitivities-v1,frozen_market_common,retirement_half_result_delta,fixed_primary,ATP,US Open,2001,2025,2992,2991,2991,925.6004366736468,800,-125.60043667364675,30.946186448466964,26.74690738883317,-4.199279059633794,-5.156904067053426,0.17809182909771457,0.5312286820456452,25,25,25,30.299379233214005,31.60035613356751,25.05836061068122,28.409177084290835,-5.594503705933545,-2.7439392388313504,-6.862554292801842,-3.376829364993611,0.17212678137199258,0.183888392569012,0.5177360408866273,0.5445939284789438,34,0,0,tour-Slam tournament edition,2000,14759525204074555208
rating-history-sensitivities-v1,frozen_market_common,retirement_half_result_delta,fixed_primary,ATP,Wimbledon,2001,2025,2933,2933,2933,952.8179990792025,809,-143.81799907920254,32.486123391721875,27.582679849982952,-4.903443541738921,-5.852503764589698,0.1834679980421617,0.5462784855641776,24,24,24,31.78749570830994,33.16032703009815,26.152270399453737,28.97967831200277,-6.084228026376951,-3.792206776397286,-7.276430058934435,-4.51109017208715,0.1771798960133195,0.1895809208893394,0.5317725082278416,0.560186693741963,33,0,0,tour-Slam tournament edition,2000,17840458540398319586
rating-history-sensitivities-v1,frozen_market_common,retirement_half_result_delta,fixed_primary,WTA,Australian Open,2007,2025,2382,2382,2382,646.2746444518051,692,45.7253555481949,27.131597164223557,29.0512174643157,1.9196203000921452,2.207396717764347,0.18749247051019563,0.5523102121760903,19,19,19,26.32189089384626,27.92124478630376,27.337526205450736,30.88853268239474,0.3781165753711873,3.547539450966614,0.43081901940738876,4.070224791497685,0.17881505605405776,0.19724101832332103,0.531568266544369,0.5762831248348491,26,0,0,tour-Slam tournament edition,2000,16348568271298094885
rating-history-sensitivities-v1,frozen_market_common,retirement_half_result_delta,fixed_primary,WTA,Roland Garros,2007,2025,2368,2368,2368,676.0729301513989,709,32.92706984860115,28.550377117880018,29.94087837837838,1.3905012604983593,1.562567599771348,0.19270628901109482,0.5653562696314867,19,19,19,27.845654474943224,29.240362603341374,28.311386953103792,31.82414639274306,-0.13761301813495574,3.097014544378318,-0.1554386837185997,3.4589711733137953,0.18496558596422408,0.20059897067274257,0.546149772812504,0.5847975257911905,34,0,0,tour-Slam tournament edition,2000,359938926036682260
rating-history-sensitivities-v1,frozen_market_common,retirement_half_result_delta,fixed_primary,WTA,US Open,2007,2025,2375,2375,2375,659.5573721197051,681,21.442627880294935,27.770836720829685,28.673684210526314,0.9028474896966289,1.027910594045185,0.1867186489831645,0.5533982527061883,19,19,19,26.951816550053035,28.55523561785609,27.693424446743034,29.852960084775695,-0.1104447698352049,2.071495317606857,-0.12481566932584032,2.3694903168686667,0.18093417263154002,0.193107970044686,0.5380950491314028,0.5696116767154894,32,0,0,tour-Slam tournament edition,2000,7830686577055096358
rating-history-sensitivities-v1,frozen_market_common,retirement_half_result_delta,fixed_primary,WTA,Wimbledon,2007,2025,2242,2242,2242,666.2018865564014,691,24.798113443598595,29.714624734897473,30.820695807314895,1.1060710724174216,1.1916454469573143,0.1957369363192821,0.5743234583220509,18,18,18,28.83683369342692,30.58336426949259,28.88987962550156,32.85714285714286,-0.8573632964938962,3.0941988032392294,-0.9171994884976208,3.3377431320455253,0.18760905961051946,0.20385307358608434,0.5542796425438191,0.5936866932454072,23,0,0,tour-Slam tournament edition,2000,5691337379730623445
rating-history-sensitivities-v1,frozen_market_common,retirement_no_result_delta,fixed_primary,ATP,Australian Open,2001,2025,2958,2958,2958,904.7145612961198,780,-124.71456129611977,30.58534689980121,26.36916835699797,-4.216178542803237,-5.165553895368871,0.17348440477466082,0.5212210843054803,25,25,25,30.046615596920397,31.150905451454825,24.973849650911443,27.725445293193552,-5.49541576420924,-2.9896797524712206,-6.751299419817631,-3.6539423267513715,0.16828492051529123,0.17866535226005895,0.5086605905899131,0.5339006304134888,63,0,0,tour-Slam tournament edition,2000,6986226595913028164
rating-history-sensitivities-v1,frozen_market_common,retirement_no_result_delta,fixed_primary,ATP,Roland Garros,2001,2025,3036,3034,3034,941.2185097373858,818,-123.21850973738583,31.022363537817593,26.961107448912326,-4.061256088905267,-5.0114901853135105,0.17745649163762509,0.530052630027878,25,25,25,30.386982211008124,31.63800757027879,24.97540973167217,28.98866513384362,-5.898151760088951,-2.2505711229454026,-7.259392590312721,-2.7746973695802972,0.17025073152723125,0.18462986627254888,0.5134646917739154,0.5466702469958056,56,0,0,tour-Slam tournament edition,2000,17204784898496456351
rating-history-sensitivities-v1,frozen_market_common,retirement_no_result_delta,fixed_primary,ATP,US Open,2001,2025,2992,2991,2991,922.6791294456078,799,-123.67912944560783,30.848516531113606,26.71347375459713,-4.135042776516477,-5.083607224318433,0.17825901275733788,0.5315351491714607,25,25,25,30.15525092281141,31.550196932681175,25.01642736681722,28.45307232608029,-5.555973407611766,-2.6438679299106,-6.845631391860393,-3.247678862293277,0.17206213706423512,0.18459900781768868,0.5172848193641748,0.5461018478489,59,0,0,tour-Slam tournament edition,2000,1187790213122220168
rating-history-sensitivities-v1,frozen_market_common,retirement_no_result_delta,fixed_primary,ATP,Wimbledon,2001,2025,2933,2933,2933,950.6109460504915,804,-146.61094605049152,32.41087439653909,27.41220593249233,-4.998668464046762,-5.9713488191817286,0.18360758282565975,0.5465080422134783,24,24,24,31.686545843324556,33.10085478149978,25.994358009130174,28.85685982457548,-6.1164086407167355,-3.8963149807146555,-7.308991742273756,-4.652396694405942,0.17733231790516069,0.1898796922541067,0.532403013991067,0.5608242391300158,58,0,0,tour-Slam tournament edition,2000,17748730051826861732
rating-history-sensitivities-v1,frozen_market_common,retirement_no_result_delta,fixed_primary,WTA,Australian Open,2007,2025,2382,2382,2382,641.1839637715188,689,47.81603622848115,26.91788261005537,28.92527287993283,2.007390269877462,2.3153771349060057,0.1878266677257468,0.5530090593013899,19,19,19,26.143149687668604,27.73162948976894,27.253379675604105,30.86003372681282,0.4912389019548408,3.6682083519228628,0.5647221653910891,4.230348057455606,0.17943656100641872,0.19765356360071953,0.5323691973923196,0.5760914117564709,45,0,0,tour-Slam tournament edition,2000,13407713309554586985
rating-history-sensitivities-v1,frozen_market_common,retirement_no_result_delta,fixed_primary,WTA,Roland Garros,2007,2025,2368,2368,2368,672.6987697806409,710,37.30123021935913,28.407887237358143,29.98310810810811,1.575220870749963,1.7736030312984608,0.19336831921002487,0.5669305379414056,19,19,19,27.694317591338667,29.144049209515035,28.4142413385027,31.75704257557049,0.07366437250503566,3.2731812705798213,0.08311694892783501,3.670638111504861,0.1860321061664644,0.20154160010567818,0.5480558864404498,0.5876858386333254,57,0,0,tour-Slam tournament edition,2000,7060375581188964635
rating-history-sensitivities-v1,frozen_market_common,retirement_no_result_delta,fixed_primary,WTA,US Open,2007,2025,2375,2375,2375,654.9568749214822,677,22.043125078517846,27.577131575641353,28.505263157894735,0.928131582253383,1.0596249223628285,0.18710148635321167,0.5543855151066915,19,19,19,26.779881360067417,28.396093351607124,27.530570957349862,29.65152280427546,-0.06563238752092582,1.8626459607676689,-0.07420303081171994,2.125962709726313,0.18105981611542024,0.19304875758255563,0.5385905409057973,0.569807396637642,64,0,0,tour-Slam tournament edition,2000,16798045420546517096
rating-history-sensitivities-v1,frozen_market_common,retirement_no_result_delta,fixed_primary,WTA,Wimbledon,2007,2025,2242,2242,2242,662.850041638021,682,19.149958361978975,29.565122285371142,30.419268510258696,0.8541462248875545,0.9222213946948298,0.1959298455435527,0.5747941493345525,18,18,18,28.638087221944687,30.444539788540354,28.443884446054394,32.60685847464117,-1.1137135568267573,3.0467956898381483,-1.1865571071446077,3.289643465914161,0.1878582427332992,0.20433712001990467,0.5553021467231488,0.5950553363836987,44,0,0,tour-Slam tournament edition,2000,3555933461112482543
rating-history-sensitivities-v1,frozen_market_common,retirement_no_result_delta,reselected_policy,ATP,Australian Open,2001,2025,2958,2958,2958,904.7145612961198,780,-124.71456129611977,30.58534689980121,26.36916835699797,-4.216178542803237,-5.165553895368871,0.17348440477466082,0.5212210843054803,25,25,25,30.047422998260572,31.163127417837522,24.96567036497915,27.83673605467505,-5.490430293601485,-2.8915929668988616,-6.7241778302568935,-3.5453716335931924,0.16821790665956754,0.17891310136419206,0.508853974008282,0.5338291480065335,63,0,0,tour-Slam tournament edition,2000,13937613877942741328
rating-history-sensitivities-v1,frozen_market_common,retirement_no_result_delta,reselected_policy,ATP,Roland Garros,2001,2025,3036,3034,3034,941.2185097373858,818,-123.21850973738583,31.022363537817593,26.961107448912326,-4.061256088905267,-5.0114901853135105,0.17745649163762509,0.530052630027878,25,25,25,30.393589181572025,31.653804776970112,24.965804521288042,29.122041892608397,-5.872263875597462,-2.171413453029783,-7.283235635632262,-2.66130783851449,0.17013537762088388,0.18521353331849286,0.5129515291525094,0.5476957251866625,56,0,0,tour-Slam tournament edition,2000,10291135724669016563
rating-history-sensitivities-v1,frozen_market_common,retirement_no_result_delta,reselected_policy,ATP,US Open,2001,2025,2992,2991,2991,922.6791294456078,799,-123.67912944560783,30.848516531113606,26.71347375459713,-4.135042776516477,-5.083607224318433,0.17825901275733788,0.5315351491714607,25,25,25,30.172928731483093,31.52192919131351,25.033812674307168,28.415919193653853,-5.604079557122902,-2.6372107828103992,-6.909626733265074,-3.2584488332504478,0.17238969060833126,0.18433967181035588,0.5177874725607888,0.5454474283119721,59,0,0,tour-Slam tournament edition,2000,9965236401267564776
rating-history-sensitivities-v1,frozen_market_common,retirement_no_result_delta,reselected_policy,ATP,Wimbledon,2001,2025,2933,2933,2933,950.6109460504915,804,-146.61094605049152,32.41087439653909,27.41220593249233,-4.998668464046762,-5.9713488191817286,0.18360758282565975,0.5465080422134783,24,24,24,31.699759961992925,33.099471695856316,25.947357812108216,28.8501193994104,-6.200865647115069,-3.8751878209998623,-7.421447897293283,-4.627481037931867,0.17730703693189306,0.1901032429321435,0.5320320979942009,0.5613207954438867,58,0,0,tour-Slam tournament edition,2000,12023940477339025153
rating-history-sensitivities-v1,frozen_market_common,retirement_no_result_delta,reselected_policy,WTA,Australian Open,2007,2025,2382,2382,2382,730.0616433299999,691,-39.061643329999924,30.64910341435768,29.009235936188077,-1.6398674781696023,-1.7994290525805483,0.18810188073076037,0.5549775920242425,19,19,19,29.99877844644241,31.269387779919583,27.425451490970183,30.77596060172736,-3.1614892737236504,0.008516737977045942,-3.469672790552579,0.0093715381844212,0.1806486998377897,0.1966378649909003,0.5373618111276915,0.5744103348340139,115,0,0,tour-Slam tournament edition,2000,11218981027943504329
rating-history-sensitivities-v1,frozen_market_common,retirement_no_result_delta,reselected_policy,WTA,Roland Garros,2007,2025,2368,2368,2368,758.8063009952239,715,-43.806300995223864,32.04418500824425,30.194256756756754,-1.8499282514874942,-1.9920488334669813,0.1917610644507493,0.5641931154500278,19,19,19,31.406673899659605,32.64072958704092,28.349433011339777,32.03723461005015,-3.4695071201273318,-0.08769222601716427,-3.752877822007832,-0.0942874752311793,0.1848414631036511,0.19855514326170837,0.5479019375933172,0.5805770238348947,102,0,0,tour-Slam tournament edition,2000,2807003543986225707
rating-history-sensitivities-v1,frozen_market_common,retirement_no_result_delta,reselected_policy,WTA,US Open,2007,2025,2375,2375,2375,742.0334135241852,680,-62.03341352418522,31.243512148386746,28.63157894736842,-2.611933201018325,-2.8453709187481975,0.1876909545075319,0.5556380326163535,19,19,19,30.415564941022488,31.98590106914865,27.237924098215565,30.15192245464021,-3.674785173532532,-1.4420613476709467,-4.018084112105801,-1.573316533224165,0.18174559720721947,0.19330934813744244,0.5408589951221111,0.5692628679449323,105,0,0,tour-Slam tournament edition,2000,7440237741787827392
rating-history-sensitivities-v1,frozen_market_common,retirement_no_result_delta,reselected_policy,WTA,Wimbledon,2007,2025,2242,2242,2242,738.3520977022064,688,-50.35209770220638,32.93274298404132,30.68688670829616,-2.245856275745155,-2.3301354175133904,0.1963814553146347,0.5764388820911811,18,18,18,32.13433943668374,33.67004759453629,28.884859366651185,32.48552588249612,-4.100984303988166,-0.41208604683157884,-4.231489130578751,-0.43007810062314855,0.1895929467515622,0.20291511934550596,0.5605933553836322,0.5915919843711044,96,0,0,tour-Slam tournament edition,2000,14178763069398800291
rating-history-sensitivities-v1,frozen_market_common,retirement_strict_skip,fixed_primary,ATP,Australian Open,2001,2025,2958,2958,2958,904.7145612961197,780,-124.71456129611965,30.585346899801205,26.36916835699797,-4.216178542803234,-5.165553895368866,0.17348440477466082,0.5212210843054804,25,25,25,30.01423411112101,31.135950838930473,24.82613442831043,27.834719263866408,-5.549860716286482,-2.842670758283841,-6.819105748992422,-3.494120461464056,0.16788241754440367,0.17875780523666476,0.5079312373365614,0.5336363593151495,63,0,0,tour-Slam tournament edition,2000,3118870502553299356
rating-history-sensitivities-v1,frozen_market_common,retirement_strict_skip,fixed_primary,ATP,Roland Garros,2001,2025,3036,3034,3034,941.2185097373856,818,-123.2185097373856,31.022363537817586,26.961107448912326,-4.06125608890526,-5.011490185313502,0.17745649163762509,0.5300526300278781,25,25,25,30.337785745282574,31.63546636264146,24.86892546733807,29.051466973433232,-5.833186873496465,-2.1861649663234144,-7.215052371829307,-2.682558153459644,0.16982505274440893,0.1847922149745221,0.5124139611037362,0.5468733973866674,56,0,0,tour-Slam tournament edition,2000,11819523699988793046
rating-history-sensitivities-v1,frozen_market_common,retirement_strict_skip,fixed_primary,ATP,US Open,2001,2025,2992,2991,2991,922.6791294456078,799,-123.67912944560783,30.848516531113606,26.71347375459713,-4.135042776516477,-5.083607224318433,0.17825901275733794,0.5315351491714607,25,25,25,30.168475538448522,31.53028898101867,24.982749178532313,28.42932913991735,-5.568075124974563,-2.661785318100865,-6.8522579931402,-3.287837007030194,0.17200878773831385,0.18446924284012364,0.5168978852202432,0.5460590962977684,59,0,0,tour-Slam tournament edition,2000,16183257726471096721
rating-history-sensitivities-v1,frozen_market_common,retirement_strict_skip,fixed_primary,ATP,Wimbledon,2001,2025,2933,2933,2933,950.6109460504917,804,-146.61094605049175,32.4108743965391,27.41220593249233,-4.998668464046769,-5.971348819181738,0.18360758282565975,0.5465080422134784,24,24,24,31.72522866781606,33.0744256801668,26.054408840246534,28.810749826563445,-6.117440559706033,-3.9468035466159663,-7.294013923575862,-4.706049673721058,0.1776095741984913,0.19020126237008858,0.5327206521019405,0.5615741011734927,58,0,0,tour-Slam tournament edition,2000,12505469738097613586
rating-history-sensitivities-v1,frozen_market_common,retirement_strict_skip,fixed_primary,WTA,Australian Open,2007,2025,2382,2382,2382,641.1839637715188,689,47.81603622848115,26.91788261005537,28.92527287993283,2.007390269877462,2.3153771349060057,0.1878266677257468,0.5530090593013899,19,19,19,26.17202435562297,27.744088731010912,27.20333253098964,30.766413099632903,0.36253658452001875,3.7217336040939606,0.4215591959242531,4.31247240193055,0.1794720898493014,0.19777034770741278,0.5325764262458317,0.5768152195406178,45,0,0,tour-Slam tournament edition,2000,10612976209457790679
rating-history-sensitivities-v1,frozen_market_common,retirement_strict_skip,fixed_primary,WTA,Roland Garros,2007,2025,2368,2368,2368,672.6987697806409,710,37.30123021935913,28.407887237358143,29.98310810810811,1.575220870749963,1.7736030312984608,0.19336831921002487,0.5669305379414056,19,19,19,27.716215981045988,29.18542747957037,28.377497556429436,31.728058004442996,0.03648841178845918,3.1742621698130224,0.04115181696955355,3.5630431268046245,0.1857365956133825,0.20108604415085712,0.5477644003666401,0.5864417486422232,57,0,0,tour-Slam tournament edition,2000,4154152439753823319
rating-history-sensitivities-v1,frozen_market_common,retirement_strict_skip,fixed_primary,WTA,US Open,2007,2025,2375,2375,2375,654.9568749214822,677,22.043125078517846,27.577131575641353,28.505263157894735,0.928131582253383,1.0596249223628285,0.18710148635321167,0.5543855151066915,19,19,19,26.742673040875022,28.432654826236202,27.474774596209162,29.726515127971762,-0.07911610570331822,1.8786849400054915,-0.09013716536089321,2.138231806410243,0.1809281483563874,0.1932242585660858,0.5379807295906212,0.5699341660691495,64,0,0,tour-Slam tournament edition,2000,12601845564918510231
rating-history-sensitivities-v1,frozen_market_common,retirement_strict_skip,fixed_primary,WTA,Wimbledon,2007,2025,2242,2242,2242,662.850041638021,682,19.149958361978975,29.565122285371142,30.419268510258696,0.8541462248875545,0.9222213946948298,0.1959298455435527,0.5747941493345525,18,18,18,28.683200071630075,30.484152210369782,28.418227159576887,32.544052469229094,-1.2061185073108125,2.9419631696280244,-1.299281511745824,3.19831373133716,0.1878683794430746,0.20400079431254642,0.5551247719112489,0.5946078164844216,44,0,0,tour-Slam tournament edition,2000,4295715439016586115
rating-history-sensitivities-v1,frozen_market_common,retirement_strict_skip,reselected_policy,ATP,Australian Open,2001,2025,2958,2958,2958,818.4747627044017,777,-41.474762704401655,27.669870273982475,26.267748478701826,-1.4021217952806508,-1.7883069405625773,0.17121748674452394,0.5130422784282035,25,25,25,27.09858275709547,28.31390781300334,24.85684820704427,27.623002831361966,-2.61835479608441,-0.20462361896260015,-3.346600920975132,-0.26435795239642196,0.16507642398829422,0.17679822179299895,0.4982015831271236,0.5266899295960761,66,0,0,tour-Slam tournament edition,2000,13340180569860879691
rating-history-sensitivities-v1,frozen_market_common,retirement_strict_skip,reselected_policy,ATP,Roland Garros,2001,2025,3036,3034,3034,851.2727080489863,817,-34.27270804898626,28.057768887573705,26.928147659854975,-1.1296212277187296,-1.4508055938945819,0.1754184713872652,0.5223048265863791,25,25,25,27.339249942804702,28.73544665663116,24.974877119588772,28.96681851428502,-2.915346453705083,0.6689213174445083,-3.770713639893175,0.8556220041697843,0.16734151137639758,0.1837645070646449,0.5027503316092591,0.5422239987180214,63,0,0,tour-Slam tournament edition,2000,8606741905831478112
rating-history-sensitivities-v1,frozen_market_common,retirement_strict_skip,reselected_policy,ATP,US Open,2001,2025,2992,2991,2991,837.6430070411623,803,-34.643007041162264,28.00544991779212,26.847208291541293,-1.1582416262508282,-1.4803777746341642,0.1765214426519611,0.5248069042370916,25,25,25,27.258505470529794,28.78481179797786,25.209056145495442,28.580924448506575,-2.5262727496232222,0.20421638580088303,-3.22768748160334,0.26093754903026356,0.1697358559064218,0.18378849218720572,0.5091291250555452,0.5418539856564235,59,0,0,tour-Slam tournament edition,2000,15513327429788297958
rating-history-sensitivities-v1,frozen_market_common,retirement_strict_skip,reselected_policy,ATP,Wimbledon,2001,2025,2933,2933,2933,871.0939796952712,807,-64.09397969527117,29.69976064423018,27.514490282986703,-2.185270361243477,-2.699185322667785,0.18127678160069416,0.5391693027854345,24,24,24,29.000447609779584,30.40161147937936,26.012299967489074,28.967256268084824,-3.409234988471613,-1.0497512988497197,-4.223932115373068,-1.304895459965193,0.17435845577633793,0.18832264353491698,0.5225534559994026,0.5553462705128197,61,0,0,tour-Slam tournament edition,2000,17038027657126271341
rating-history-sensitivities-v1,frozen_market_common,retirement_strict_skip,reselected_policy,WTA,Australian Open,2007,2025,2382,2382,2382,641.1839637715188,689,47.81603622848115,26.91788261005537,28.92527287993283,2.007390269877462,2.3153771349060057,0.1878266677257468,0.5530090593013899,19,19,19,26.14846702982935,27.68915136580933,27.23823708290714,30.82754092718732,0.454296221080835,3.7179112886954973,0.5205742727608998,4.2755033392097594,0.17952196518919603,0.1979927436808748,0.5327796067012575,0.5777799532585426,45,0,0,tour-Slam tournament edition,2000,12309050550543442571
rating-history-sensitivities-v1,frozen_market_common,retirement_strict_skip,reselected_policy,WTA,Roland Garros,2007,2025,2368,2368,2368,672.6987697806409,710,37.30123021935913,28.407887237358143,29.98310810810811,1.575220870749963,1.7736030312984608,0.19336831921002487,0.5669305379414056,19,19,19,27.65572285743665,29.136723573199493,28.38574423480084,31.72527723259785,0.07552204585149232,3.2085274437374136,0.08510638739814057,3.6171231839223372,0.18593108283941517,0.20070681321395384,0.5482223293187649,0.5855071324812292,57,0,0,tour-Slam tournament edition,2000,10348924652750511790
rating-history-sensitivities-v1,frozen_market_common,retirement_strict_skip,reselected_policy,WTA,US Open,2007,2025,2375,2375,2375,654.9568749214822,677,22.043125078517846,27.577131575641353,28.505263157894735,0.928131582253383,1.0596249223628285,0.18710148635321167,0.5543855151066915,19,19,19,26.730803871338463,28.41298856155091,27.526397697909328,29.687532853238014,-0.05266265341087071,1.941794177258171,-0.05977137962379936,2.222466631818742,0.18102815887171905,0.19315824721505687,0.5382921006896387,0.5699627881957624,64,0,0,tour-Slam tournament edition,2000,18101237717424361883
rating-history-sensitivities-v1,frozen_market_common,retirement_strict_skip,reselected_policy,WTA,Wimbledon,2007,2025,2242,2242,2242,662.850041638021,682,19.149958361978975,29.565122285371142,30.419268510258696,0.8541462248875545,0.9222213946948298,0.1959298455435527,0.5747941493345525,18,18,18,28.666113023056813,30.501316505267884,28.31015138627399,32.65037958877965,-1.233833732307911,2.9872777960691796,-1.3250021155058052,3.220661726630487,0.18727844629970147,0.20439051487438664,0.5539906057500852,0.5952140351860004,44,0,0,tour-Slam tournament edition,2000,16559887955343782055
