robustness_version,sample,tour,slam,model,dimension,group_value,start_year,end_year,score_matches,expected_per_100,actual_per_100,excess_per_100,expected_per_100_ci_lower,expected_per_100_ci_upper,actual_per_100_ci_lower,actual_per_100_ci_upper,excess_per_100_ci_lower,excess_per_100_ci_upper,brier_score,brier_score_ci_lower,brier_score_ci_upper,log_loss,log_loss_ci_lower,log_loss_ci_upper,bootstrap_replicates,bootstrap_unit
slam-robustness-v1,maximum_available,ATP,Australian Open,overall_elo,all,all,1988,2025,4639,31.02646669006991,28.023280879499893,-3.0031858105700167,30.51275320689694,31.572274677225938,26.679331164107236,29.30042541715562,-4.127344503194575,-1.8981647764511047,0.17995097822906456,0.17513506341678034,0.18475117287127418,0.5356458355784874,0.5240747163363737,0.5469531649484006,2000,
slam-robustness-v1,maximum_available,ATP,Australian Open,overall_elo,era,1988-1999,1988,1999,1473,32.03778107691549,30.889341479972845,-1.1484395969426453,31.376485874698425,32.683654772021164,28.959891230455472,32.88137886745717,-3.141647553542557,0.7620608841506119,0.19205970680649986,0.1865298402147547,0.19766881304537537,0.5630397349058676,0.5504881786703428,0.5763764862458961,2000,
slam-robustness-v1,maximum_available,ATP,Australian Open,overall_elo,era,2000-2009,2000,2009,1219,31.657592875467373,27.97374897456932,-3.683843900898053,30.607630717564724,32.74903445687353,26.118535234300783,29.966900899540523,-5.091029037383468,-2.138322315107161,0.17998215635508164,0.17151413767565676,0.1885569513209584,0.5367849005500075,0.5169541596323131,0.5570165522967084,2000,
slam-robustness-v1,maximum_available,ATP,Australian Open,overall_elo,era,2010-2019,2010,2019,1210,29.211610675844852,24.958677685950413,-4.252932989894439,28.83153906253976,29.67355272961201,22.644160621301978,27.220296570580636,-6.492398037569241,-2.1389097699716113,0.1656088153554115,0.1574883120796905,0.17364809643720464,0.5021342431047913,0.48388953902108495,0.5208571742129301,2000,
slam-robustness-v1,maximum_available,ATP,Australian Open,overall_elo,era,2020-2025,2020,2025,737,30.94094004880635,27.408412483039346,-3.5325275657670026,30.483834267955864,31.347801101095214,24.79892761394102,30.108217088055792,-6.473935501281063,-0.38905387503469074,0.1792452166916724,0.17260376252577436,0.18494366444379123,0.5340302222591718,0.5193539351072295,0.5481908006730779,2000,
slam-robustness-v1,maximum_available,ATP,Australian Open,surface_adjusted_elo,all,all,1988,2025,4639,31.537499182083696,27.915499029963353,-3.622000152120341,31.017814521327207,32.06400801838664,26.59605405031046,29.3486502253872,-4.809503953313135,-2.3903892879247333,0.17963200005246546,0.17496254681381848,0.1843895585952914,0.5353601835677397,0.5244835951908534,0.546305653605276,2000,
slam-robustness-v1,maximum_available,ATP,Australian Open,surface_adjusted_elo,era,1988-1999,1988,1999,1473,32.63954686662149,30.889341479972845,-1.7502053866486402,32.10591345452263,33.190456989526126,28.53218274371133,33.288137886745716,-4.162120513295358,0.6535905870512255,0.19130240270902554,0.18592725964921153,0.19687231908412772,0.56166782807123,0.5495288334866903,0.5748395859230309,2000,
slam-robustness-v1,maximum_available,ATP,Australian Open,surface_adjusted_elo,era,2000-2009,2000,2009,1219,32.22110581903571,27.64561115668581,-4.575494662349899,31.190059030951804,33.315683292343465,25.956424568794755,29.411764705882355,-5.685283256619745,-3.3747048849759382,0.18005289293526566,0.17162721784163137,0.18809399395976442,0.5377283508597661,0.5181331590822651,0.5561722449467106,2000,
slam-robustness-v1,maximum_available,ATP,Australian Open,surface_adjusted_elo,era,2010-2019,2010,2019,1210,29.659504659641176,24.793388429752067,-4.86611622988911,29.253052479115464,30.087947973484564,22.497724534868155,26.894254787676935,-7.15558246435586,-2.7604515396200866,0.16526710674658115,0.1573884633232453,0.17281646498914127,0.5018121460154991,0.4839493955557405,0.5194886938609938,2000,
slam-robustness-v1,maximum_available,ATP,Australian Open,surface_adjusted_elo,era,2020-2025,2020,2025,737,31.287486485185113,27.544097693351425,-3.743388791833688,30.832923373088857,31.718270956390917,24.965893587994543,30.34190662566396,-6.666426146989253,-0.6752827834137544,0.17919502496817047,0.17314368740151131,0.18489064257864615,0.5339425026390888,0.5196721220706813,0.5477349318827034,2000,
slam-robustness-v1,maximum_available,ATP,Roland Garros,overall_elo,all,all,1988,2025,4663,30.720594309827305,28.87792319244797,-1.8426711173793353,30.17012033579338,31.259082459637085,26.99678983111531,30.723471787909627,-3.5357698033302905,-0.12089469429370622,0.1879866080527324,0.18044463425164126,0.19543769666794208,0.5540859709765139,0.5362410148401325,0.571524627236997,2000,
slam-robustness-v1,maximum_available,ATP,Roland Garros,overall_elo,era,1988-1999,1988,1999,1488,31.929559737279337,32.3252688172043,0.3957090799249634,31.523222616917298,32.307964174884944,29.905774434680097,35.20279762667203,-1.9777486220268832,3.23946461998353,0.2051859366770313,0.19597622909851056,0.21601892069666903,0.5948994949883649,0.5734341329353642,0.6196196913387171,2000,
slam-robustness-v1,maximum_available,ATP,Roland Garros,overall_elo,era,2000-2009,2000,2009,1211,30.94908685514292,30.63583815028902,-0.31324870485390083,30.006267777403057,31.84948069547737,27.73570781553744,33.36059376772217,-3.1233363006555055,2.479323544735477,0.19368568426200128,0.18298544306389172,0.20402991156951308,0.566788947449604,0.5417024939569791,0.5911873887428597,2000,
slam-robustness-v1,maximum_available,ATP,Roland Garros,overall_elo,era,2010-2019,2010,2019,1226,28.82193357322921,23.428571428571427,-5.393362144657783,27.950523647542738,29.749735939263726,20.72368421052632,26.037598734913622,-8.303204371560373,-2.2728504542716523,0.16277741936929907,0.15452069813267008,0.17013822467532455,0.49462080148962295,0.47444503203532157,0.5129095287328519,2000,
slam-robustness-v1,maximum_available,ATP,Roland Garros,overall_elo,era,2020-2025,2020,2025,738,31.060098209293944,28.08683853459973,-2.973259674694217,30.291479707582706,31.694475959670342,25.033163265306126,31.486486486486488,-5.816118777555286,0.1600782088421732,0.18583523006290312,0.17529042941094045,0.1989343763285902,0.5497370137304153,0.5249642879458932,0.5806868770960439,2000,
slam-robustness-v1,maximum_available,ATP,Roland Garros,surface_adjusted_elo,all,all,1988,2025,4663,31.866907030382848,28.405921476078092,-3.460985554304756,31.332767200530057,32.36848386063177,26.648079586182927,30.237268638627803,-4.994627271432617,-1.850402256460288,0.18514838364425565,0.17812772784625822,0.19228794561923132,0.5484888766186106,0.5325594625247996,0.5649239596496093,2000,
slam-robustness-v1,maximum_available,ATP,Roland Garros,surface_adjusted_elo,era,1988-1999,1988,1999,1488,33.03894985077459,31.653225806451612,-1.3857240443229824,32.657940919162016,33.39113255556955,28.92433488362064,34.59210694173607,-4.083738045942222,1.5568848588180546,0.20150337225749687,0.1921591398582036,0.2114424457606742,0.5869431272577954,0.5656245333497963,0.6088028091016098,2000,
slam-robustness-v1,maximum_available,ATP,Roland Garros,surface_adjusted_elo,era,2000-2009,2000,2009,1211,32.0600322665698,30.388109000825764,-1.6719232657440357,31.18151995367597,32.90995698925809,27.83331280788177,32.83705541770058,-4.343183035886087,0.8843545659257367,0.18951590629589038,0.18030411570802446,0.19874269876133638,0.5581010225739181,0.5362857463890087,0.579591405008005,2000,
slam-robustness-v1,maximum_available,ATP,Roland Garros,surface_adjusted_elo,era,2010-2019,2010,2019,1226,29.872591637805595,23.10204081632653,-6.770550821479065,29.025889808498818,30.727035929031718,20.57112312030075,25.809193257645234,-9.34210705235116,-3.941275768952266,0.1621138170599033,0.1543630451881638,0.16924338845729475,0.4946040762888342,0.47626614667209904,0.5120130682047942,2000,
slam-robustness-v1,maximum_available,ATP,Roland Garros,surface_adjusted_elo,era,2020-2025,2020,2025,738,32.498063038716225,27.408412483039346,-5.089650555676881,31.752890037868983,33.09923871370777,24.35374149659864,30.708089464882935,-7.692922966942935,-2.3028319087764455,0.18327180592716005,0.17355401585119243,0.1951687805378416,0.5446982688968256,0.5228458186503595,0.5706284125343253,2000,
slam-robustness-v1,maximum_available,ATP,Wimbledon,overall_elo,all,all,1988,2025,4562,30.730756020967046,29.526523454625163,-1.2042325663418836,30.164244957675006,31.30702995538724,28.24796658606287,30.82801832009136,-2.254934232790649,-0.19500949335816772,0.19083857231674417,0.18489328935391885,0.19662501408913574,0.5624357270999572,0.5479851299554883,0.5757338652232475,2000,
slam-robustness-v1,maximum_available,ATP,Wimbledon,overall_elo,era,1988-1999,1988,1999,1501,31.88525698759125,31.712191872085278,-0.1730651155059726,31.189017978280646,32.544841901588406,29.90637014346888,33.709393914342435,-1.9250806283303208,1.6762367146713437,0.20045890692388504,0.1944352833815976,0.20625147007855593,0.5846178742184837,0.5696412116163881,0.5989210736129544,2000,
slam-robustness-v1,maximum_available,ATP,Wimbledon,overall_elo,era,2000-2009,2000,2009,1224,30.744390670614365,29.901960784313726,-0.8424298863006381,29.854631059689194,31.567267869604894,27.00214874723024,32.76564677674627,-3.181545247557638,1.5992580773154577,0.1946665899425575,0.17923320339982696,0.20914330406782736,0.5702520223959922,0.5330093302852313,0.6048772743997721,2000,
slam-robustness-v1,maximum_available,ATP,Wimbledon,overall_elo,era,2010-2019,2010,2019,1223,28.677558478549066,26.90106295993459,-1.776495518614479,27.9973534956989,29.389888010359055,25.32227047146402,28.59463850528026,-3.0285416104409615,-0.5715758071849779,0.17797619271999898,0.16988336107000315,0.18606039313716752,0.5340694682991328,0.515601213521957,0.5526335133857647,2000,
slam-robustness-v1,maximum_available,ATP,Wimbledon,overall_elo,era,2020-2025,2021,2025,614,31.970928386285912,28.664495114006513,-3.3064332722794005,31.264037748586823,32.53559748707438,25.2442996742671,31.442463533225283,-6.854403219635595,-0.7862461669708168,0.18530937757326843,0.1734786509359884,0.19711454538428735,0.549128538575772,0.5223867545316994,0.5761213378619511,2000,
slam-robustness-v1,maximum_available,ATP,Wimbledon,surface_adjusted_elo,all,all,1988,2025,4562,33.10778004467746,28.737395879000438,-4.370384165677025,32.554215068595106,33.61967037676876,27.34505978621139,30.109334692935565,-5.5413581078827585,-3.2248033124966797,0.18937259953551103,0.18386412074165762,0.19467929885725757,0.5597962414808608,0.547206821843404,0.5718486179536961,2000,
slam-robustness-v1,maximum_available,ATP,Wimbledon,surface_adjusted_elo,era,1988-1999,1988,1999,1501,34.13086755147598,30.512991339107263,-3.617876212368717,33.42375409334077,34.787044596087746,28.61907384914423,32.69157330176009,-5.6032417178384355,-1.5995951762889777,0.19795213918629886,0.1926078519210101,0.20347073489784723,0.5791354063575254,0.5666924235358944,0.5921221106296536,2000,
slam-robustness-v1,maximum_available,ATP,Wimbledon,surface_adjusted_elo,era,2000-2009,2000,2009,1224,33.22491707452839,29.084967320261438,-4.139949754266957,32.39271625458748,33.99228111715147,26.195877857671288,32.05562051121798,-6.292518509597438,-1.7358294425672245,0.19111224501693896,0.17757715767512994,0.20478590749019693,0.5633290218782715,0.5321069175742589,0.5948132392954804,2000,
slam-robustness-v1,maximum_available,ATP,Wimbledon,surface_adjusted_elo,era,2010-2019,2010,2019,1223,31.134299632630796,26.24693376941946,-4.887365863211336,30.493585557277516,31.771827819513238,24.429779297147956,27.977411693447635,-6.338975574660992,-3.5654967381876532,0.17797439322420416,0.17103043686018637,0.18515654529064482,0.5344564925209118,0.518824657443084,0.5504400023058583,2000,
slam-robustness-v1,maximum_available,ATP,Wimbledon,surface_adjusted_elo,era,2020-2025,2021,2025,614,34.304093516486944,28.664495114006513,-5.639598402480432,33.659187991415635,34.81055490015904,24.342105263157897,32.569558101473,-10.056553441702395,-1.643037888717955,0.18763447450884269,0.17661801106531824,0.1998184717927091,0.5559498299038459,0.5307731816411275,0.5829112521396496,2000,
slam-robustness-v1,maximum_available,ATP,US Open,overall_elo,all,all,1988,2025,4589,30.974132314749365,27.425332461303686,-3.548799853445678,30.379977024073497,31.57476760384925,26.147377202380614,28.668342927176607,-4.7217814794709,-2.468234349165999,0.18246109205020503,0.17726510998693032,0.18731276864579727,0.5414635636472185,0.5295229553375934,0.5529415319719179,2000,
slam-robustness-v1,maximum_available,ATP,US Open,overall_elo,era,1988-1999,1988,1999,1463,32.15955566915242,28.454172366621066,-3.705383302531351,31.437924627972972,32.79277219642373,26.47436988255581,30.178488435960485,-5.945180353343197,-1.7812021462920051,0.19082170086671932,0.18434553790585992,0.19607992555755685,0.5617326515507812,0.5469764879490376,0.5742175934895674,2000,
slam-robustness-v1,maximum_available,ATP,US Open,overall_elo,era,2000-2009,2000,2009,1218,30.815137867668867,26.4367816091954,-4.378356258473466,29.905953248761264,31.69195845852985,24.42582600808334,28.782925346088547,-6.443951493188747,-2.2396064565366043,0.17656855385178566,0.16861003541435363,0.18517109327446246,0.5282495550498858,0.5095525726155007,0.5478069716852512,2000,
slam-robustness-v1,maximum_available,ATP,US Open,overall_elo,era,2010-2019,2010,2019,1182,29.173936142690188,25.80372250423012,-3.370213638460068,28.374298609109562,30.05240016618761,22.985581000848175,28.799648373755144,-5.848003845773486,-0.8613886005270381,0.17452913142398785,0.1630271321988548,0.18640985471479637,0.5212903031747511,0.4955476851437548,0.5484041210620078,2000,
slam-robustness-v1,maximum_available,ATP,US Open,overall_elo,era,2020-2025,2020,2025,726,31.785715994446686,29.655172413793103,-2.1305435806535837,30.701806449485094,32.962985950718185,27.999860724233983,30.821917808219176,-4.0929657093003025,-0.36315719199569435,0.18841304561398367,0.18317310639861356,0.19381955496760503,0.5556313057231034,0.5424169428862146,0.5685165924841634,2000,
slam-robustness-v1,maximum_available,ATP,US Open,surface_adjusted_elo,all,all,1988,2025,4589,31.70960789906051,27.141922825376064,-4.567685073684447,31.121253928924098,32.27327817249885,25.80203857613298,28.438040029367787,-5.789734099655116,-3.395202212212774,0.1813084172994686,0.17669521039565958,0.18587396960456892,0.5394910492960932,0.5288817306691544,0.5497137940576833,2000,
slam-robustness-v1,maximum_available,ATP,US Open,surface_adjusted_elo,era,1988-1999,1988,1999,1463,32.94667639301319,27.77017783857729,-5.176498554435901,32.30715509803153,33.52553650088286,25.96128892733564,29.46804750492544,-7.208378094321724,-3.305403859736448,0.18806136199644247,0.18138698447596852,0.19368027085276746,0.5561780992951667,0.5409749729952243,0.569516032608538,2000,
slam-robustness-v1,maximum_available,ATP,US Open,surface_adjusted_elo,era,2000-2009,2000,2009,1218,31.64926738542737,26.272577996715928,-5.3766893887114415,30.77344847031205,32.50696362881766,24.07967320369971,29.04854112134765,-7.4799771568354165,-2.8685680533361917,0.17495202096254797,0.16796491366539423,0.1831354409837488,0.5253591599238179,0.5085412807836235,0.5442325516444935,2000,
slam-robustness-v1,maximum_available,ATP,US Open,surface_adjusted_elo,era,2010-2019,2010,2019,1182,29.815091141108198,25.80372250423012,-4.011368636878079,29.079702312800737,30.678374330593474,22.56966332547728,29.47154506254536,-6.803135648032418,-0.9561670545218476,0.17497495430282964,0.1629141735742437,0.18716845201640323,0.5231581820764432,0.49610235696842137,0.5507979725276504,2000,
slam-robustness-v1,maximum_available,ATP,US Open,surface_adjusted_elo,era,2020-2025,2020,2025,726,32.4050829547103,29.517241379310345,-2.8878415753999573,31.367924929412005,33.4570481850095,27.423822714681442,31.38888888888889,-5.207942886442865,-0.7280125117599416,0.1886757532618983,0.1847191408835143,0.19282551226535266,0.5561645150817837,0.5462854852926078,0.5665367166687928,2000,
slam-robustness-v1,maximum_available,WTA,Australian Open,overall_elo,all,all,1988,2025,4763,26.241187250260843,27.9445727482679,1.7033854980070553,25.762638603495457,26.76853640797998,26.679230302094293,29.262178700449127,0.4871068862816744,3.0394366570742344,0.1827188570499473,0.17721992665455388,0.18847938004287362,0.5390265102464069,0.5255361481399315,0.5536246210397735,2000,
slam-robustness-v1,maximum_available,WTA,Australian Open,overall_elo,era,1988-1999,1988,1999,1509,25.378835242481106,26.37508283631544,0.9962475938343338,24.796437800970978,25.9604814932022,24.100918607530577,28.496265745667472,-1.4469747245621531,3.4964390526921307,0.17427973769935082,0.16529741379011448,0.18239023714860386,0.51675328412049,0.4938867327125819,0.5383362863507871,2000,
slam-robustness-v1,maximum_available,WTA,Australian Open,overall_elo,era,2000-2009,2000,2009,1244,25.469192207166735,27.65273311897106,2.183540911804327,24.743876633136377,26.194281686845965,25.48029618473896,29.86300214837429,-0.4245675915664381,4.8044551377288105,0.17995723198957575,0.1718709570833965,0.18811669304536927,0.5316580631326585,0.5121158012679577,0.5501075263657927,2000,
slam-robustness-v1,maximum_available,WTA,Australian Open,overall_elo,era,2010-2019,2010,2019,1257,26.761145716212692,28.162291169451073,1.4011454532383822,25.882152307048678,27.709273128822183,26.163538314632344,30.514104199526194,-0.12810237737609745,3.364291256957235,0.18883388053785854,0.18033954740575864,0.1985263761038564,0.5557702053905526,0.5349435819416871,0.5787401481689097,2000,
slam-robustness-v1,maximum_available,WTA,Australian Open,overall_elo,era,2020-2025,2020,2025,753,28.376729377281954,31.208499335989373,2.8317699587074183,27.755647004876433,28.97117084979638,28.381962864721487,34.840425531914896,-0.14201635732290854,6.729722579637,0.19398513613473417,0.17746940855245308,0.21677787142233507,0.5678841751034094,0.527469267671667,0.6219376611633101,2000,
slam-robustness-v1,maximum_available,WTA,Australian Open,surface_adjusted_elo,all,all,1988,2025,4763,26.80926607092982,27.692630694940163,0.883364624010344,26.32748107007511,27.261350078664027,26.384466147812123,29.115267790821566,-0.4266558915259096,2.24658529145955,0.18222832044415155,0.17683502095316445,0.1884179113818987,0.5379122319656582,0.524630287361433,0.5529560782702644,2000,
slam-robustness-v1,maximum_available,WTA,Australian Open,surface_adjusted_elo,era,1988-1999,1988,1999,1509,26.26240975849148,26.176275679257788,-0.08613407923369351,25.649582960518508,26.841564344899872,23.641901809217035,28.64711594164735,-2.7565756941041437,2.658572132030313,0.17437894619353814,0.1649276005167561,0.18309650190148413,0.517090294441593,0.49292159940973135,0.5403730418783981,2000,
slam-robustness-v1,maximum_available,WTA,Australian Open,surface_adjusted_elo,era,2000-2009,2000,2009,1244,26.057207708908653,27.009646302250804,0.952438593342151,25.268775197650527,26.846391513905694,24.879115977865336,28.951666862883602,-1.5947629483215555,3.401612999685378,0.17894542352945983,0.171001638813126,0.18644383527281186,0.5292898015637938,0.5107074221240504,0.546141287392852,2000,
slam-robustness-v1,maximum_available,WTA,Australian Open,surface_adjusted_elo,era,2010-2019,2010,2019,1257,27.082855290732073,28.480509148766906,1.3976538580348319,26.205759478526318,28.03872780422153,26.576217079010377,30.781499202551835,0.000488372019269644,3.295916083129019,0.18790612569142592,0.1790645040442564,0.19781809523634244,0.5536792689745861,0.5326016922138386,0.5771181877414856,2000,
slam-robustness-v1,maximum_available,WTA,Australian Open,surface_adjusted_elo,era,2020-2025,2020,2025,753,28.690893067652837,30.544488711819387,1.8535956441665506,28.11899027639017,29.283607012049885,27.344782034346107,34.22818791946309,-1.539783501332416,5.978692412073263,0.1939037896476413,0.17693764410502996,0.215733393771025,0.5675635488627543,0.5261143136154132,0.6185826801775933,2000,
slam-robustness-v1,maximum_available,WTA,Roland Garros,overall_elo,all,all,1988,2025,4755,26.44269127821233,28.853838065194534,2.4111467869822056,25.94700589489098,26.967119594166657,27.274594087462663,30.45872141864479,1.0044649373534527,3.885857435247099,0.1868708993502173,0.1793354762685646,0.19435456390722955,0.5518418761415188,0.5326077049030211,0.5708597845010636,2000,
slam-robustness-v1,maximum_available,WTA,Roland Garros,overall_elo,era,1988-1999,1988,1999,1506,25.0822570662926,26.759628154050464,1.6773710877578663,24.557413097134344,25.638325334868302,23.745675239303424,29.874744702089295,-1.056368990830443,4.567763043821178,0.17731270928610193,0.1623366536004017,0.1929156497939923,0.5298794650315886,0.4906966076881437,0.5697064859934532,2000,
slam-robustness-v1,maximum_available,WTA,Roland Garros,overall_elo,era,2000-2009,2000,2009,1258,26.18386238318254,28.537360890302068,2.353498507119529,25.49023590921579,26.880550418090465,25.19872813990461,31.528662420382165,-0.5719189727112255,5.117801614346329,0.18200544029651616,0.1689991731539519,0.1940226672443866,0.5379415467498606,0.5045077779769591,0.5698768851878048,2000,
slam-robustness-v1,maximum_available,WTA,Roland Garros,overall_elo,era,2010-2019,2010,2019,1249,27.350868531882213,29.383506805444355,2.032638273562143,26.568683170779575,28.177207711578838,27.693412215177958,31.1698717948718,0.09004793189808451,4.29087611308776,0.1908211686110548,0.18237518699292993,0.1989254309748262,0.5615887184767538,0.5394903747070875,0.5827736156497803,2000,
slam-robustness-v1,maximum_available,WTA,Roland Garros,overall_elo,era,2020-2025,2020,2025,742,28.113994894472853,32.74932614555256,4.635331251079705,27.18360119120894,29.106060399437574,29.06655217965654,36.488376166070566,1.6992671807712696,7.572569815717749,0.20787021932235653,0.19583922445217944,0.22227076183488034,0.6035779939710972,0.5760400821503361,0.6387268875572101,2000,
slam-robustness-v1,maximum_available,WTA,Roland Garros,surface_adjusted_elo,all,all,1988,2025,4755,27.635701014839192,28.853838065194534,1.2181370503553421,27.0869644339986,28.200697728248095,27.230168637408322,30.47520492149643,-0.21301463252125719,2.6449651279712256,0.185294077317051,0.17790475141894085,0.19229089291337037,0.5476287473128981,0.529068579229866,0.5653518968646891,2000,
slam-robustness-v1,maximum_available,WTA,Roland Garros,surface_adjusted_elo,era,1988-1999,1988,1999,1506,26.199929837465653,26.958831341301458,0.758901503835807,25.680708726999764,26.76037136756506,23.659121252170543,30.232712355807788,-2.2020710297563633,3.7525077070386557,0.17500789766491182,0.15979645883423765,0.19050288690757763,0.5234533986869118,0.48533384328714735,0.5621102829820552,2000,
slam-robustness-v1,maximum_available,WTA,Roland Garros,surface_adjusted_elo,era,2000-2009,2000,2009,1258,27.305203829191726,28.37837837837838,1.0731745491866518,26.564959492994205,28.027398637461367,24.97961495118592,31.717546775596308,-2.019567470648492,4.1160036348322215,0.18154837137173116,0.16799013644118876,0.19474905133994183,0.5366700134743567,0.5022262564159775,0.5703164352895207,2000,
slam-robustness-v1,maximum_available,WTA,Roland Garros,surface_adjusted_elo,era,2010-2019,2010,2019,1249,28.574274711164897,29.463570856685347,0.8892961455204512,27.751796939343606,29.441215228648257,27.81774580335731,31.250000000000004,-1.032779210947118,2.981228995261164,0.18977661757365816,0.1820384202845627,0.1974417541288793,0.559058468574784,0.539634082610591,0.5785052093683085,2000,
slam-robustness-v1,maximum_available,WTA,Roland Garros,surface_adjusted_elo,era,2020-2025,2020,2025,742,29.530253987828857,32.479784366576816,2.94953037874796,28.506454999511952,30.62899994943499,28.8,36.24071681376614,-0.10145453832676135,6.527072813624177,0.2049765461241062,0.19419396771959255,0.21969890254208005,0.5960363488540484,0.5710784480945342,0.6300405167656636,2000,
slam-robustness-v1,maximum_available,WTA,Wimbledon,overall_elo,all,all,1988,2025,4635,26.32939966854262,28.371089536138083,2.0416898675954616,25.70792120416173,26.97777552831383,26.8904667186711,29.96114611108828,0.8082571035006634,3.4197275955370583,0.18484942809431248,0.17735322140103063,0.19268078438886793,0.548385152541029,0.5295937570749603,0.568623582205788,2000,
slam-robustness-v1,maximum_available,WTA,Wimbledon,overall_elo,era,1988-1999,1988,1999,1515,24.85936185729322,25.08250825082508,0.22314639353185936,24.250886023973017,25.599396021796068,22.787318361955087,27.49504296100463,-1.9358170656935394,2.492955398335484,0.17134294310881332,0.15856577368394525,0.1865842938646481,0.5149852177216511,0.4816670078604197,0.5544458490867405,2000,
slam-robustness-v1,maximum_available,WTA,Wimbledon,overall_elo,era,2000-2009,2000,2009,1250,25.504157445235187,26.96,1.455842554764813,24.795809475560915,26.18773820158162,24.446069832571684,29.516724595797857,-1.0112484304441922,4.021362999847,0.17524204718278838,0.1640540967859049,0.18594761165034057,0.524438129280148,0.49591569595731927,0.5526432446621306,2000,
slam-robustness-v1,maximum_available,WTA,Wimbledon,overall_elo,era,2010-2019,2010,2019,1249,27.722046154043042,32.02562049639712,4.303574342354075,26.495884466550034,28.90062269052583,30.200386815476477,33.97282174260591,2.1289848298911185,6.4005795235128025,0.2014590882536512,0.19280283471278242,0.21067734619221068,0.59060330692656,0.5689100618810683,0.6138636260387723,2000,
slam-robustness-v1,maximum_available,WTA,Wimbledon,overall_elo,era,2020-2025,2021,2025,621,28.77584830427112,31.884057971014492,3.108209666743374,28.45817738000611,29.060156624916875,28.663446054750402,35.47351524879615,-0.22651177264030178,7.061072324685993,0.20373201320449205,0.18643712326309894,0.22266058043213255,0.5931584303186911,0.5514808134790233,0.6372576955397165,2000,
slam-robustness-v1,maximum_available,WTA,Wimbledon,surface_adjusted_elo,all,all,1988,2025,4635,28.64876650562766,28.112189859762676,-0.5365766458649807,28.033964656001118,29.270456655130204,26.525972873269907,29.725701102085633,-1.9372520566335967,0.9141905764773002,0.18300211591896035,0.1757790479229991,0.18991457165871392,0.5427090161284726,0.5250407080275228,0.5600386922849974,2000,
slam-robustness-v1,maximum_available,WTA,Wimbledon,surface_adjusted_elo,era,1988-1999,1988,1999,1515,27.019264844977695,25.214521452145213,-1.8047433928324836,26.45506157487596,27.672275874891014,22.69039100323106,27.67503302509908,-4.242800566189028,0.595904699708445,0.16930905290947001,0.15755593445004482,0.1819972601489155,0.5080775862407633,0.4791858106921873,0.5390532745148788,2000,
slam-robustness-v1,maximum_available,WTA,Wimbledon,surface_adjusted_elo,era,2000-2009,2000,2009,1250,28.084929817960067,26.560000000000002,-1.5249298179600645,27.46556850643285,28.656755146385493,23.910973033617974,29.160103661820138,-4.01216386589001,0.9934810383181427,0.1740683207947609,0.1648608392579369,0.18339530898347062,0.5218331043305078,0.49932357379262116,0.5455760684157634,2000,
slam-robustness-v1,maximum_available,WTA,Wimbledon,surface_adjusted_elo,era,2010-2019,2010,2019,1249,29.843150762888765,31.465172137710166,1.6220213748214007,28.826990733726788,30.96031942114045,29.48717948717949,33.51911940006405,-0.7762721656424107,4.003083514013679,0.1988797568613346,0.19058029284507932,0.20703051261959496,0.5823591083317259,0.5623218087490078,0.602544571431876,2000,
slam-robustness-v1,maximum_available,WTA,Wimbledon,surface_adjusted_elo,era,2020-2025,2021,2025,621,31.35682598735085,31.561996779388082,0.2051707920372334,30.948296224886324,31.708649255191215,28.34138486312399,35.909822866344605,-3.074596420880933,4.906752147697203,0.2024563201502035,0.18828357510203092,0.21778174143875623,0.5894699514996089,0.5565324362233965,0.6247289320941264,2000,
slam-robustness-v1,maximum_available,WTA,US Open,overall_elo,all,all,1988,2025,4758,26.27107753210426,26.192978768131173,-0.07809876397308693,25.649485378403014,26.888909066692833,24.873582176324874,27.498474658666662,-1.3533757176221717,1.1361497428956902,0.17499067601576052,0.16906255729401948,0.18082812615823066,0.5213804315924658,0.5056870033448936,0.5366701657939232,2000,
slam-robustness-v1,maximum_available,WTA,US Open,overall_elo,era,1988-1999,1988,1999,1502,24.772103922220023,25.099866844207725,0.3277629219877009,24.191690988839017,25.398144211340718,22.865525615435796,27.357394655731266,-2.235486055812767,2.7502511398381513,0.16669490020720246,0.15699688380199414,0.17689999395926118,0.4978396514732997,0.47332657132347555,0.5236395239821003,2000,
slam-robustness-v1,maximum_available,WTA,US Open,overall_elo,era,2000-2009,2000,2009,1260,25.255409279877743,23.74900714853058,-1.506402131347164,24.837295443380622,25.6678034887389,21.279449044585988,26.128692873734018,-4.089500080219571,0.9019459428289328,0.1613194800970305,0.15513836791168878,0.16741936499891885,0.48718657330723275,0.4692375384673919,0.5063132712029478,2000,
slam-robustness-v1,maximum_available,WTA,US Open,overall_elo,era,2010-2019,2010,2019,1247,27.778475545675388,28.708901363271853,0.930425817596463,26.532034627433774,28.96839749589412,26.735715121068534,31.095123900879294,-1.2855365568664423,3.276272861343644,0.19114212484754986,0.18240250782436826,0.2005977187312804,0.5634799781017474,0.5417110347791682,0.5867639538223719,2000,
slam-robustness-v1,maximum_available,WTA,US Open,overall_elo,era,2020-2025,2020,2025,749,28.47462809108431,28.30440587449933,-0.170222216584978,27.836168291758554,28.987717832113734,27.211474276883116,29.333731739707833,-0.7393528137505168,0.5459305978445866,0.18773447498613977,0.18194255636032042,0.1933614102648704,0.556019121420644,0.5392011812070175,0.5719282284342783,2000,
slam-robustness-v1,maximum_available,WTA,US Open,surface_adjusted_elo,all,all,1988,2025,4758,26.80540975490478,26.256043725036786,-0.5493660298679941,26.231820109092894,27.42851548847364,24.968473485658325,27.483730321708364,-1.7444015479581567,0.6015121098817812,0.1745314131732147,0.1685989441829706,0.1801707633635895,0.5203984405158423,0.5049001122355964,0.5351377070915355,2000,
slam-robustness-v1,maximum_available,WTA,US Open,surface_adjusted_elo,era,1988-1999,1988,1999,1502,25.563208835918097,24.966711051930762,-0.5964977839873361,24.983709767832007,26.158006565969306,22.748498999332888,26.994813829787233,-3.133339493952506,1.6329828163557867,0.16573577752751267,0.156318502969898,0.17543438225211508,0.495688454073751,0.4723219978862204,0.5208892545483095,2000,
slam-robustness-v1,maximum_available,WTA,US Open,surface_adjusted_elo,era,2000-2009,2000,2009,1260,25.87020610531204,23.59015091342335,-2.2800551918886875,25.416577617110864,26.354460063211867,21.542007851113958,25.653258533806003,-4.325655947134033,-0.1831006044816075,0.16146887723383593,0.15545138992223234,0.16817849333454912,0.4877386438612483,0.46986540336848026,0.5077998160371973,2000,
slam-robustness-v1,maximum_available,WTA,US Open,surface_adjusted_elo,era,2010-2019,2010,2019,1247,28.011549848012837,29.350441058540497,1.338891210527659,26.818459571192015,29.215622022355756,27.33050330728369,31.73951861267059,-1.0024115154897846,3.70666176885248,0.19044228148694436,0.18210339038493786,0.1993881575151333,0.5618046517892697,0.5403820012486743,0.5845510936511681,2000,
slam-robustness-v1,maximum_available,WTA,US Open,surface_adjusted_elo,era,2020-2025,2020,2025,749,28.8603503143843,28.17089452603471,-0.6894557883495883,28.252224797741803,29.45593154179218,27.2972972972973,29.006622516556295,-1.4484806161603783,0.08425731014592272,0.18765422657273606,0.18156216839431155,0.19352322082267226,0.5559554471418029,0.5390378424347083,0.5721171665579441,2000,
slam-robustness-v1,common_matched,ATP,Australian Open,overall_elo,all,all,2001,2025,2958,30.293117654870866,26.402974983096687,-3.890142671774179,29.776805020205707,30.83483481378916,24.991563741938556,27.800167298865293,-5.153811728404499,-2.6255403853689887,0.17342907621172762,0.16790262802399966,0.1787211413089318,0.5207996303988837,0.5081308666419829,0.5334300507235806,2000,
slam-robustness-v1,common_matched,ATP,Australian Open,overall_elo,era,2000-2009,2001,2009,1012,31.127904318119057,27.470355731225297,-3.6575485868937614,30.211396931294683,32.11140211887422,25.733855185909977,29.31909070447475,-4.948294909719844,-2.1807005997109683,0.1786831278143499,0.16931801622109965,0.18793031621853887,0.5337800638686889,0.5115371865210185,0.5553122390797635,2000,
slam-robustness-v1,common_matched,ATP,Australian Open,overall_elo,era,2010-2019,2010,2019,1209,29.199445853764516,24.89660876757651,-4.302837086188007,28.822096026340795,29.66411062712083,22.604422604422602,27.152317880794705,-6.511229392663227,-2.1683452749843997,0.16548565540480273,0.15735851233293163,0.17354605534285983,0.501868989478722,0.4836350100474997,0.5207404329409556,2000,
slam-robustness-v1,common_matched,ATP,Australian Open,overall_elo,era,2020-2025,2020,2025,737,30.94094004880635,27.408412483039346,-3.5325275657670026,30.483834267955864,31.347801101095214,24.79892761394102,30.108217088055792,-6.473935501281063,-0.38905387503469074,0.1792452166916724,0.17260376252577436,0.18494366444379123,0.5340302222591718,0.5193539351072295,0.5481908006730779,2000,
slam-robustness-v1,common_matched,ATP,Australian Open,surface_adjusted_elo,all,all,2001,2025,2958,30.749808465677635,26.267748478701826,-4.482059986975811,30.246214710721176,31.27327999183537,24.754154809054764,27.715253785170287,-5.7842093435340205,-3.2039560397445452,0.17326415555500105,0.16771258845828838,0.17896328092791836,0.520903781169904,0.507949747670781,0.5342152804762649,2000,
slam-robustness-v1,common_matched,ATP,Australian Open,surface_adjusted_elo,era,2000-2009,2001,2009,1012,31.67524260241854,27.17391304347826,-4.50132955894028,30.825536363371246,32.664216806005996,25.43611363238268,29.05798039334716,-5.731003171732583,-3.1135060849764074,0.1786420920871389,0.16966256814392164,0.18782671942277668,0.5345251671957214,0.5131626690116409,0.5560764149018069,2000,
slam-robustness-v1,common_matched,ATP,Australian Open,surface_adjusted_elo,era,2010-2019,2010,2019,1209,29.647403133371128,24.731182795698924,-4.916220337672203,29.24414187493842,30.0798393481587,22.423742786479803,26.85393071489397,-7.189548301529576,-2.774034126964603,0.165147098046292,0.1573007970810213,0.17271574075570909,0.5015535906149682,0.4836772712284029,0.519324034775181,2000,
slam-robustness-v1,common_matched,ATP,Australian Open,surface_adjusted_elo,era,2020-2025,2020,2025,737,31.287486485185113,27.544097693351425,-3.743388791833688,30.832923373088857,31.718270956390917,24.965893587994543,30.34190662566396,-6.666426146989253,-0.6752827834137544,0.17919502496817047,0.17314368740151131,0.18489064257864615,0.5339425026390888,0.5196721220706813,0.5477349318827034,2000,
slam-robustness-v1,common_matched,ATP,Australian Open,market_odds,all,all,2001,2025,2958,26.935111182065654,23.563218390804597,-3.3718927912610557,26.11062295211803,27.86567521643694,21.9864731694,25.141850195978005,-4.410744809772363,-2.3376156393869705,0.15850462173501556,0.15186107067563634,0.16464547276569366,0.48259921504660763,0.4666449194158026,0.4978043519277429,2000,
slam-robustness-v1,common_matched,ATP,Australian Open,market_odds,era,2000-2009,2001,2009,1012,28.80834571832789,25.59288537549407,-3.2154603428338198,27.066349898708584,30.82436610161792,22.940545668627536,28.80003442171518,-5.04219335277847,-1.1933978282501088,0.1677994494330938,0.1565034838896538,0.17971949260866832,0.5069385024543698,0.47914593232613434,0.5362518213358491,2000,
slam-robustness-v1,common_matched,ATP,Australian Open,market_odds,era,2010-2019,2010,2019,1209,25.789876088977472,21.505376344086024,-4.284499744891451,24.961988987294603,26.49293421061331,19.483358294045033,23.333745874587457,-5.872473165463075,-2.844659985147265,0.14978338994036025,0.14109832404520709,0.1592009565017207,0.4614417891721502,0.4395577348144836,0.4846746271449588,2000,
slam-robustness-v1,common_matched,ATP,Australian Open,market_odds,era,2020-2025,2020,2025,737,26.241591340608473,24.151967435549523,-2.0896239050589487,25.598564378052664,26.77677416652899,22.373760310064977,26.273458445040216,-3.752128678321372,-0.06021731944584288,0.16004818158478862,0.15618988357312796,0.16459152036975547,0.4838854688126312,0.47466301816155587,0.4951134419227929,2000,
slam-robustness-v1,common_matched,ATP,Roland Garros,overall_elo,all,all,2001,2025,3036,29.98075278594415,27.389584706657875,-2.5911680792862755,29.371304968641383,30.558644021499532,25.20679386751104,29.509972503007862,-4.613152541077311,-0.6713870908790208,0.17949026570776913,0.17170457835498854,0.18782762001132458,0.5337897462769114,0.5150979734525303,0.553270525555458,2000,
slam-robustness-v1,common_matched,ATP,Roland Garros,overall_elo,era,2000-2009,2001,2009,1072,30.562913195055124,31.436567164179106,0.8736539691239812,29.71082908212869,31.328462497995247,28.37303786452507,34.38956197576887,-1.9497486292685287,3.5009151537961056,0.19423594286903534,0.18209995308638216,0.20666644253870747,0.567606950501287,0.5392205683542358,0.5974789645216825,2000,
slam-robustness-v1,common_matched,ATP,Roland Garros,overall_elo,era,2010-2019,2010,2019,1226,28.82193357322921,23.428571428571427,-5.393362144657783,27.950523647542738,29.749735939263726,20.72368421052632,26.037598734913622,-8.303204371560373,-2.2728504542716523,0.16277741936929907,0.15452069813267008,0.17013822467532455,0.49462080148962295,0.47444503203532157,0.5129095287328519,2000,
slam-robustness-v1,common_matched,ATP,Roland Garros,overall_elo,era,2020-2025,2020,2025,738,31.060098209293944,28.08683853459973,-2.973259674694217,30.291479707582706,31.694475959670342,25.033163265306126,31.486486486486488,-5.816118777555286,0.1600782088421732,0.18583523006290312,0.17529042941094045,0.1989343763285902,0.5497370137304153,0.5249642879458932,0.5806868770960439,2000,
slam-robustness-v1,common_matched,ATP,Roland Garros,surface_adjusted_elo,all,all,2001,2025,3036,31.15186230505742,27.027027027027025,-4.124835278030397,30.52540305425975,31.771587833940988,24.82653220588563,29.047403838811018,-6.015646853485938,-2.2439840812717655,0.17708420933392124,0.16975229427502195,0.18426171573184683,0.5293585139121528,0.5125579016711777,0.5460974317304577,2000,
slam-robustness-v1,common_matched,ATP,Roland Garros,surface_adjusted_elo,era,2000-2009,2001,2009,1072,31.688202441882986,31.250000000000004,-0.4382024418829846,30.92695447271321,32.4184449992802,28.58464172266964,33.77297351358386,-2.918812783378193,1.8830213761787984,0.1899454543359132,0.1792218255337521,0.20084190823429324,0.5585452689004939,0.5334300109093325,0.5839519909434432,2000,
slam-robustness-v1,common_matched,ATP,Roland Garros,surface_adjusted_elo,era,2010-2019,2010,2019,1226,29.872591637805595,23.10204081632653,-6.770550821479065,29.025889808498818,30.727035929031718,20.57112312030075,25.809193257645234,-9.34210705235116,-3.941275768952266,0.1621138170599033,0.1543630451881638,0.16924338845729475,0.4946040762888342,0.47626614667209904,0.5120130682047942,2000,
slam-robustness-v1,common_matched,ATP,Roland Garros,surface_adjusted_elo,era,2020-2025,2020,2025,738,32.498063038716225,27.408412483039346,-5.089650555676881,31.752890037868983,33.09923871370777,24.35374149659864,30.708089464882935,-7.692922966942935,-2.3028319087764455,0.18327180592716005,0.17355401585119243,0.1951687805378416,0.5446982688968256,0.5228458186503595,0.5706284125343253,2000,
slam-robustness-v1,common_matched,ATP,Roland Garros,market_odds,all,all,2001,2025,3036,26.53704900891451,22.833607907742998,-3.7034411011715154,25.70658643563452,27.50257383981025,21.03708565802429,24.742506839875276,-5.123390092019076,-2.2709859931468412,0.15886576751855475,0.15110842389920826,0.16704562212801372,0.48454400053004903,0.4655903989159737,0.5045816978037332,2000,
slam-robustness-v1,common_matched,ATP,Roland Garros,market_odds,era,2000-2009,2001,2009,1072,28.508793387899484,25.559701492537314,-2.9490918953621685,27.01647446262455,30.102404955710398,22.49036526721462,28.810448044067172,-5.466808348620133,-0.512999434797068,0.17302777516006612,0.16172627606135642,0.1862328495400766,0.5189554629504436,0.4922395979421952,0.5508571725957022,2000,
slam-robustness-v1,common_matched,ATP,Roland Garros,market_odds,era,2010-2019,2010,2019,1226,24.712368306695215,19.249592169657422,-5.462776137037793,24.195604083823774,25.288633270433145,17.757411144552115,20.653061224489793,-7.036414679020163,-3.9595892283954104,0.14205945141569207,0.13565882005400684,0.14881785339210363,0.44304482615795815,0.42759035721233135,0.45987324413686453,2000,
slam-robustness-v1,common_matched,ATP,Roland Garros,market_odds,era,2020-2025,2020,2025,738,26.704414770988695,24.830393487109905,-1.8740212838787922,25.96928369021054,27.73524581271213,21.810699588477366,27.248625564944884,-4.586589174248236,0.6121960784485708,0.16621383167900133,0.1546386975031635,0.17549315441493032,0.5034991496703229,0.47619831234106913,0.5260275861003887,2000,
slam-robustness-v1,common_matched,ATP,Wimbledon,overall_elo,all,all,2001,2025,2933,30.09062939156108,27.991817251960452,-2.098812139600631,29.358235999270537,30.778201564339504,26.572651407843622,29.35008008787151,-3.3024030188955296,-1.0566649613189036,0.18412180630009556,0.17707158097918083,0.1909574896720928,0.5466846838518824,0.5303664240528392,0.5626596918025669,2000,
slam-robustness-v1,common_matched,ATP,Wimbledon,overall_elo,era,2000-2009,2001,2009,1096,30.61406200456546,28.83211678832117,-1.7819452162442948,29.655349032168562,31.518399992858026,26.115035871548304,31.35179240890936,-3.891628229300451,0.10245086310019748,0.19031424849601794,0.17575504874868123,0.20434636774999154,0.5593926052209932,0.524895579666009,0.5927768298635906,2000,
slam-robustness-v1,common_matched,ATP,Wimbledon,overall_elo,era,2010-2019,2010,2019,1223,28.677558478549066,26.90106295993459,-1.776495518614479,27.9973534956989,29.389888010359055,25.32227047146402,28.59463850528026,-3.0285416104409615,-0.5715758071849779,0.17797619271999898,0.16988336107000315,0.18606039313716752,0.5340694682991328,0.515601213521957,0.5526335133857647,2000,
slam-robustness-v1,common_matched,ATP,Wimbledon,overall_elo,era,2020-2025,2021,2025,614,31.970928386285912,28.664495114006513,-3.3064332722794005,31.264037748586823,32.53559748707438,25.2442996742671,31.442463533225283,-6.854403219635595,-0.7862461669708168,0.18530937757326843,0.1734786509359884,0.19711454538428735,0.549128538575772,0.5223867545316994,0.5761213378619511,2000,
slam-robustness-v1,common_matched,ATP,Wimbledon,surface_adjusted_elo,all,all,2001,2025,2933,32.53751803400203,27.41220593249233,-5.125312101509695,31.83888705028196,33.21777226646867,25.87998856489423,28.950343410036595,-6.4194930592628605,-3.9039217358971396,0.183445398770202,0.17713517998444597,0.18987947019146892,0.5462922583311969,0.5320697675494878,0.5607576827997524,2000,
slam-robustness-v1,common_matched,ATP,Wimbledon,surface_adjusted_elo,era,2000-2009,2001,2009,1096,33.11366653640284,28.01094890510949,-5.102717631293353,32.26566586671337,33.949638148533204,25.633396904758836,30.510018214936245,-6.9425692478361185,-3.321851221844699,0.1872035623461419,0.1745567370328953,0.19982809093422238,0.5540891494264233,0.5244855972789844,0.5833317954942508,2000,
slam-robustness-v1,common_matched,ATP,Wimbledon,surface_adjusted_elo,era,2010-2019,2010,2019,1223,31.134299632630796,26.24693376941946,-4.887365863211336,30.493585557277516,31.771827819513238,24.429779297147956,27.977411693447635,-6.338975574660992,-3.5654967381876532,0.17797439322420416,0.17103043686018637,0.18515654529064482,0.5344564925209118,0.518824657443084,0.5504400023058583,2000,
slam-robustness-v1,common_matched,ATP,Wimbledon,surface_adjusted_elo,era,2020-2025,2021,2025,614,34.304093516486944,28.664495114006513,-5.639598402480432,33.659187991415635,34.81055490015904,24.342105263157897,32.569558101473,-10.056553441702395,-1.643037888717955,0.18763447450884269,0.17661801106531824,0.1998184717927091,0.5559498299038459,0.5307731816411275,0.5829112521396496,2000,
slam-robustness-v1,common_matched,ATP,Wimbledon,market_odds,all,all,2001,2025,2933,27.10691167093241,22.764505119453926,-4.342406551478481,26.168359627749695,28.10452356674245,21.352248717975943,24.203433289873967,-5.982680870212224,-2.911757562716348,0.16085423134345384,0.1549475015505646,0.1674319752291315,0.49067474931235494,0.4759535899604643,0.5072769949242238,2000,
slam-robustness-v1,common_matched,ATP,Wimbledon,market_odds,era,2000-2009,2001,2009,1096,28.81711629263786,22.81021897810219,-6.006897314535668,27.238763891889747,30.42816270008152,19.834297520661156,25.534279439223727,-9.074154253100932,-3.2069633319981534,0.16203603714669243,0.15033914342954402,0.17430131329709248,0.49432867320449536,0.4649862498487965,0.5251967138959864,2000,
slam-robustness-v1,common_matched,ATP,Wimbledon,market_odds,era,2010-2019,2010,2019,1223,25.363709031128714,22.276822276822276,-3.086886754306436,24.53847387906985,26.297929652859192,21.00975514800775,23.510466988727856,-4.687751046244247,-1.8215762974132563,0.1560598708308785,0.1507769674448288,0.16186572279947328,0.4793429452998502,0.4655153571809583,0.4940371445729152,2000,
slam-robustness-v1,common_matched,ATP,Wimbledon,market_odds,era,2020-2025,2021,2025,614,27.52137522364202,23.65415986949429,-3.867215354147731,26.943205544054532,28.042329606223138,19.801980198019802,27.435064935064936,-7.626445518894853,-0.14460106762860897,0.16829436773845424,0.15353110565528577,0.1829719296949958,0.5067237651454303,0.4730651123243921,0.5419211716660242,2000,
slam-robustness-v1,common_matched,ATP,US Open,overall_elo,all,all,2001,2025,2992,30.31212922633962,27.081243731193585,-3.2308854951460364,29.63285682636228,31.012828667168296,25.468468013605385,28.68591363291404,-4.5881538786775735,-1.9039078035185597,0.1783790290622421,0.17225283901786703,0.18472374634695204,0.5313174498769184,0.5169472559653273,0.546183569821061,2000,
slam-robustness-v1,common_matched,ATP,US Open,overall_elo,era,2000-2009,2001,2009,1084,30.567658578734598,26.752767527675278,-3.8148910510593215,29.71925315997847,31.462970811122254,24.63046474473009,29.178407344736712,-5.867794438551488,-1.8236784776040318,0.17585678089974424,0.16729504520602034,0.1857033180403427,0.525967106756649,0.505995953471524,0.5483847891572701,2000,
slam-robustness-v1,common_matched,ATP,US Open,overall_elo,era,2010-2019,2010,2019,1182,29.173936142690188,25.80372250423012,-3.370213638460068,28.374298609109562,30.05240016618761,22.985581000848175,28.799648373755144,-5.848003845773486,-0.8613886005270381,0.17452913142398785,0.1630271321988548,0.18640985471479637,0.5212903031747511,0.4955476851437548,0.5484041210620078,2000,
slam-robustness-v1,common_matched,ATP,US Open,overall_elo,era,2020-2025,2020,2025,726,31.785715994446686,29.655172413793103,-2.1305435806535837,30.701806449485094,32.962985950718185,27.999860724233983,30.821917808219176,-4.0929657093003025,-0.36315719199569435,0.18841304561398367,0.18317310639861356,0.19381955496760503,0.5556313057231034,0.5424169428862146,0.5685165924841634,2000,
slam-robustness-v1,common_matched,ATP,US Open,surface_adjusted_elo,all,all,2001,2025,2992,31.020251960470578,26.947509194249417,-4.07274276622116,30.342604753992646,31.66080251604701,25.143021489067923,28.76727293657189,-5.600862221926724,-2.48432276160453,0.17805560077910404,0.1720360714126824,0.18403025930698028,0.5311987512893642,0.5172999244398201,0.5447474102463544,2000,
slam-robustness-v1,common_matched,ATP,US Open,surface_adjusted_elo,era,2000-2009,2001,2009,1084,31.408164891893634,26.476014760147603,-4.932150131746031,30.525734654104507,32.251538088921336,23.952641165755917,29.428044280442805,-7.370744802319644,-2.3479929104978297,0.17430199693449855,0.1666256400170056,0.1829787048135757,0.5232456224114828,0.5051823007436818,0.5431832811742164,2000,
slam-robustness-v1,common_matched,ATP,US Open,surface_adjusted_elo,era,2010-2019,2010,2019,1182,29.815091141108198,25.80372250423012,-4.011368636878079,29.079702312800737,30.678374330593474,22.56966332547728,29.47154506254536,-6.803135648032418,-0.9561670545218476,0.17497495430282964,0.1629141735742437,0.18716845201640323,0.5231581820764432,0.49610235696842137,0.5507979725276504,2000,
slam-robustness-v1,common_matched,ATP,US Open,surface_adjusted_elo,era,2020-2025,2020,2025,726,32.4050829547103,29.517241379310345,-2.8878415753999573,31.367924929412005,33.4570481850095,27.423822714681442,31.38888888888889,-5.207942886442865,-0.7280125117599416,0.1886757532618983,0.1847191408835143,0.19282551226535266,0.5561645150817837,0.5462854852926078,0.5665367166687928,2000,
slam-robustness-v1,common_matched,ATP,US Open,market_odds,all,all,2001,2025,2992,26.90949225300429,24.774020756611982,-2.1354714963923063,26.15111377534047,27.73112288459278,23.462101428375416,26.038519038151104,-3.3355382823284185,-0.9158849970549127,0.16663930731905546,0.1600646276476393,0.172888284714345,0.5031204936140496,0.48750166122692984,0.5181263210565336,2000,
slam-robustness-v1,common_matched,ATP,US Open,market_odds,era,2000-2009,2001,2009,1084,28.288217600848192,23.91505078485688,-4.373166815991312,26.792003007941638,29.85653501791422,22.764865331637164,25.070737141002187,-5.115081169019512,-3.6889648755923963,0.16290365515086058,0.15585155690615143,0.17080231135267857,0.4955456552290475,0.4773667841257667,0.5147937638996323,2000,
slam-robustness-v1,common_matched,ATP,US Open,market_odds,era,2010-2019,2010,2019,1182,25.812969901305316,23.983050847457626,-1.8299190538476895,25.021996790827625,26.592517953568375,21.901403606346232,26.218487394957986,-3.681136552049294,-0.0020060565841887846,0.16403937406614075,0.15225565313236983,0.1758658926798835,0.496419757367807,0.46827240856952035,0.5248789200794022,2000,
slam-robustness-v1,common_matched,ATP,US Open,market_odds,era,2020-2025,2020,2025,726,26.63426687080799,27.348066298342545,0.7137994275345533,26.323188638050315,27.020547382421302,24.554183813443075,29.379310344827587,-1.9881397267489003,2.8902779639393303,0.17645000711969952,0.16508156366240093,0.187405174628108,0.5253400460278316,0.499284309041412,0.5489724062957408,2000,
slam-robustness-v1,common_matched,WTA,Australian Open,overall_elo,all,all,2007,2025,2382,26.969708546737483,29.093198992443327,2.123490445705844,26.232420171498894,27.708647466247264,27.382868301527417,30.956476552472818,0.646027330886024,3.8937216800841465,0.18813336197938652,0.18019004982415177,0.19757371009274827,0.5539757808284824,0.5346649529450841,0.5768062752100178,2000,
slam-robustness-v1,common_matched,WTA,Australian Open,overall_elo,era,2000-2009,2007,2009,373,24.86724864254736,27.882037533512065,3.0147888909647054,23.880768614367394,25.655746499452786,24.6031746031746,32.8,-0.47925868207142436,8.919231385632607,0.17388545960096152,0.1560354457977768,0.18519248264536065,0.5197385000357433,0.47420170086878577,0.5439240271276756,2000,
slam-robustness-v1,common_matched,WTA,Australian Open,overall_elo,era,2010-2019,2010,2019,1256,26.750545217806664,28.18471337579618,1.4341681579895122,25.87301066469921,27.689516700057208,26.16937141353853,30.54892601431981,-0.09704286227595185,3.41996756790849,0.18885635692220157,0.18034273040247456,0.19854477043887703,0.555804988508955,0.5349478984091702,0.5787933019834859,2000,
slam-robustness-v1,common_matched,WTA,Australian Open,overall_elo,era,2020-2025,2020,2025,753,28.376729377281954,31.208499335989373,2.8317699587074183,27.755647004876433,28.97117084979638,28.381962864721487,34.840425531914896,-0.14201635732290854,6.729722579637,0.19398513613473417,0.17746940855245308,0.21677787142233507,0.5678841751034094,0.527469267671667,0.6219376611633101,2000,
slam-robustness-v1,common_matched,WTA,Australian Open,surface_adjusted_elo,all,all,2007,2025,2382,27.312383255459334,28.967254408060455,1.6548711526011206,26.567791216494026,28.0432383335898,27.3412571514162,30.70442721426447,0.2341238075956738,3.2658630269485,0.18735984307323328,0.17922822496222582,0.1967487090267012,0.5521508246939042,0.5326123876920461,0.5746513648746531,2000,
slam-robustness-v1,common_matched,WTA,Australian Open,surface_adjusted_elo,era,2000-2009,2007,2009,373,25.33706585992823,27.34584450402145,2.008778644093218,24.253171642903215,26.417048856767952,23.809523809523807,30.4,-1.5571361100368353,6.146828357096785,0.1722352667445406,0.15525619399134397,0.1824911306753912,0.5157754260075971,0.4734916537887542,0.5380946452444163,2000,
slam-robustness-v1,common_matched,WTA,Australian Open,surface_adjusted_elo,era,2010-2019,2010,2019,1256,27.072554831853722,28.503184713375795,1.4306298815220715,26.19658646646974,28.015178719354356,26.597444089456868,30.812401581757797,0.03446809599741794,3.3526051341877308,0.1879282150478144,0.1790645040442564,0.19781884299829686,0.5537131196070013,0.5326197636503275,0.5773204619578339,2000,
slam-robustness-v1,common_matched,WTA,Australian Open,surface_adjusted_elo,era,2020-2025,2020,2025,753,28.690893067652837,30.544488711819387,1.8535956441665506,28.11899027639017,29.283607012049885,27.344782034346107,34.22818791946309,-1.539783501332416,5.978692412073263,0.1939037896476413,0.17693764410502996,0.215733393771025,0.5675635488627543,0.5261143136154132,0.6185826801775933,2000,
slam-robustness-v1,common_matched,WTA,Australian Open,market_odds,all,all,2007,2025,2382,28.4643934136118,27.3109243697479,-1.1534690438638973,27.68754300802374,29.250336436938042,25.80631561769026,29.0337832102538,-2.676850140759213,0.632083460683611,0.17540597416120168,0.16900463959999018,0.1832586244734205,0.5250311378502447,0.5098435160930787,0.5435487615157735,2000,
slam-robustness-v1,common_matched,WTA,Australian Open,market_odds,era,2000-2009,2007,2009,373,26.770513662308424,26.541554959785525,-0.2289587025229013,24.577683300537384,28.371054962840955,24.590163934426233,29.365079365079364,-3.7808910284147212,1.9688692221645727,0.1639387794504896,0.1611560201304768,0.16589495475035615,0.4959103724981553,0.48458940495217734,0.5048259817133435,2000,
slam-robustness-v1,common_matched,WTA,Australian Open,market_odds,era,2010-2019,2010,2019,1256,28.537969514914018,26.751592356687897,-1.7863771582261208,27.51236575609843,29.55031359419963,24.742206136042853,29.080824088748017,-3.8158694580653276,0.5260333558078267,0.1738858312074235,0.166239573832984,0.18265866541156892,0.5208577912633047,0.5026229300898782,0.5412900827223343,2000,
slam-robustness-v1,common_matched,WTA,Australian Open,market_odds,era,2020-2025,2020,2025,753,29.182643165943198,28.62849533954727,-0.5541478263959246,28.361634654620786,30.335472864894307,25.596816976127325,32.0855614973262,-3.5737277212150085,2.76545208665071,0.18362186151451007,0.17114365068524354,0.19945803466550605,0.5464172849810877,0.5172669272549221,0.5831240486508926,2000,
slam-robustness-v1,common_matched,WTA,Roland Garros,overall_elo,all,all,2007,2025,2368,27.369142105996016,30.194256756756754,2.825114650760739,26.691107574302833,28.064661272661944,28.390460548332022,32.252835687864874,1.1218741869879196,4.710553814064799,0.19361245881161487,0.1854923359894889,0.20246948731025832,0.5677565736655843,0.5465734353326575,0.5900803577927273,2000,
slam-robustness-v1,common_matched,WTA,Roland Garros,overall_elo,era,2000-2009,2007,2009,377,25.96368567368383,27.851458885941646,1.887773212257816,24.12194510773516,27.354395769468997,23.015873015873016,34.92063492063492,-1.7543957694689993,8.49488139507503,0.1747983027414007,0.14977674498396523,0.1877910597522638,0.5176880252946569,0.45365424489905853,0.5533256167581752,2000,
slam-robustness-v1,common_matched,WTA,Roland Garros,overall_elo,era,2010-2019,2010,2019,1249,27.350868531882213,29.383506805444355,2.032638273562143,26.568683170779575,28.177207711578838,27.693412215177958,31.1698717948718,0.09004793189808451,4.29087611308776,0.1908211686110548,0.18237518699292993,0.1989254309748262,0.5615887184767538,0.5394903747070875,0.5827736156497803,2000,
slam-robustness-v1,common_matched,WTA,Roland Garros,overall_elo,era,2020-2025,2020,2025,742,28.113994894472853,32.74932614555256,4.635331251079705,27.18360119120894,29.106060399437574,29.06655217965654,36.488376166070566,1.6992671807712696,7.572569815717749,0.20787021932235653,0.19583922445217944,0.22227076183488034,0.6035779939710972,0.5760400821503361,0.6387268875572101,2000,
slam-robustness-v1,common_matched,WTA,Roland Garros,surface_adjusted_elo,all,all,2007,2025,2368,28.649605914294412,30.02533783783784,1.3757319235434262,27.980012416295228,29.318156899802503,28.209027018484985,32.00508690122933,-0.28698511102464136,3.192070724926546,0.19224126310871528,0.1845547175790451,0.20014086751469592,0.5642973886820751,0.5452874260687559,0.5839493971765854,2000,
slam-robustness-v1,common_matched,WTA,Roland Garros,surface_adjusted_elo,era,2000-2009,2007,2009,377,27.16591308179127,27.055702917771885,-0.11021016401938306,25.35828083312357,28.54207117087187,22.22222222222222,32.53968253968254,-3.1360586109013475,4.931373408708297,0.17534142829668534,0.15257691274530152,0.1898710429350478,0.5191862554364598,0.46325038701564325,0.5579030168966481,2000,
slam-robustness-v1,common_matched,WTA,Roland Garros,surface_adjusted_elo,era,2010-2019,2010,2019,1249,28.574274711164897,29.463570856685347,0.8892961455204512,27.751796939343606,29.441215228648257,27.81774580335731,31.250000000000004,-1.032779210947118,2.981228995261164,0.18977661757365816,0.1820384202845627,0.1974417541288793,0.559058468574784,0.539634082610591,0.5785052093683085,2000,
slam-robustness-v1,common_matched,WTA,Roland Garros,surface_adjusted_elo,era,2020-2025,2020,2025,742,29.530253987828857,32.479784366576816,2.94953037874796,28.506454999511952,30.62899994943499,28.8,36.24071681376614,-0.10145453832676135,6.527072813624177,0.2049765461241062,0.19419396771959255,0.21969890254208005,0.5960363488540484,0.5710784480945342,0.6300405167656636,2000,
slam-robustness-v1,common_matched,WTA,Roland Garros,market_odds,all,all,2007,2025,2368,28.550897063391314,27.357293868921776,-1.1936031944695389,27.772437994908426,29.259012251677873,25.432307043441586,29.347341721654374,-2.810492467300794,0.5139747460249603,0.17679903952756693,0.16908034581095915,0.1844579796968087,0.5276917331069163,0.5093265451540403,0.5459450272907446,2000,
slam-robustness-v1,common_matched,WTA,Roland Garros,market_odds,era,2000-2009,2007,2009,377,26.775414015612526,24.403183023872682,-2.372230991739846,25.6007373166221,28.542878310613634,19.841269841269842,30.4,-5.759467475352262,1.8571216893863645,0.15969813970693686,0.13702423851482656,0.18411233684821132,0.48479966435325994,0.4311208638513925,0.5439133713934974,2000,
slam-robustness-v1,common_matched,WTA,Roland Garros,market_odds,era,2010-2019,2010,2019,1249,28.652544778150254,27.083333333333336,-1.5692114448169192,27.8042231353463,29.567051921457935,24.738803032833943,29.2,-3.6121287293871145,0.6060000851128355,0.17609423324265552,0.16834423083684893,0.18328026678142875,0.5277831151765479,0.5091547502601808,0.5454223040784616,2000,
slam-robustness-v1,common_matched,WTA,Roland Garros,market_odds,era,2020-2025,2020,2025,742,29.284006199868955,29.324324324324326,0.04031812445537132,28.083472159970064,30.392363755772845,25.988486936446026,33.736559139784944,-2.971776063423297,3.8414298929299346,0.18667416389715175,0.1760443043110021,0.20241082329367313,0.549330781240556,0.5252610939650711,0.5847495260048121,2000,
slam-robustness-v1,common_matched,WTA,Wimbledon,overall_elo,all,all,2007,2025,2242,27.509027217353736,31.26672613737734,3.7576989200236017,26.539124162658048,28.42161253883531,29.60288018259223,32.99321797824295,2.1349127321852897,5.472925793326238,0.19802697796178984,0.18954504586946977,0.20691993147036117,0.5811775363440304,0.5597682301818112,0.6032915795263434,2000,
slam-robustness-v1,common_matched,WTA,Wimbledon,overall_elo,era,2000-2009,2007,2009,373,24.635547813390563,27.613941018766756,2.9783932053761957,22.953966043260486,26.04845542275976,23.809523809523807,32.25806451612903,0.7808128699231666,7.315325839157961,0.176524548326896,0.16216932058532865,0.19425777438342381,0.5283471596410836,0.4887037048920903,0.5805486215330411,2000,
slam-robustness-v1,common_matched,WTA,Wimbledon,overall_elo,era,2010-2019,2010,2019,1249,27.722046154043042,32.02562049639712,4.303574342354075,26.495884466550034,28.90062269052583,30.200386815476477,33.97282174260591,2.1289848298911185,6.4005795235128025,0.2014590882536512,0.19280283471278242,0.21067734619221068,0.59060330692656,0.5689100618810683,0.6138636260387723,2000,
slam-robustness-v1,common_matched,WTA,Wimbledon,overall_elo,era,2020-2025,2021,2025,620,28.80861942018173,31.93548387096774,3.1268644507860097,28.54481710726464,29.060156624916875,28.663446054750402,35.64516129032258,-0.22651177264030178,7.136163431610388,0.20404907554127458,0.18643712326309894,0.22335914515184999,0.5939726057837335,0.5514808134790233,0.6390369112724467,2000,
slam-robustness-v1,common_matched,WTA,Wimbledon,surface_adjusted_elo,all,all,2007,2025,2242,29.83327334709999,30.597680642283674,0.7644072951836844,28.95063536058286,30.718273482650666,28.775524175322204,32.58933540580079,-1.062597244171155,2.64825148045285,0.19569670368779635,0.18818861751735821,0.20398333871823945,0.5742403102048195,0.5562206554423124,0.5937258367398696,2000,
slam-robustness-v1,common_matched,WTA,Wimbledon,surface_adjusted_elo,era,2000-2009,2007,2009,373,27.220928720313417,26.005361930294907,-1.215566790018509,26.102158729140253,28.155896409120903,21.428571428571427,29.838709677419352,-4.673587300568824,2.4083939154567684,0.17331130501875627,0.1595525194802431,0.18776964674815944,0.5205602545378323,0.4848328628911255,0.5591685980911903,2000,
slam-robustness-v1,common_matched,WTA,Wimbledon,surface_adjusted_elo,era,2010-2019,2010,2019,1249,29.843150762888765,31.465172137710166,1.6220213748214007,28.826990733726788,30.96031942114045,29.48717948717949,33.51911940006405,-0.7762721656424107,4.003083514013679,0.1988797568613346,0.19058029284507932,0.20703051261959496,0.5823591083317259,0.5623218087490078,0.602544571431876,2000,
slam-robustness-v1,common_matched,WTA,Wimbledon,surface_adjusted_elo,era,2020-2025,2021,2025,620,31.384995368827838,31.612903225806452,0.22790785697861426,31.012822784277663,31.708649255191215,28.34138486312399,36.084142394822,-3.074596420880933,4.998007301189029,0.20275173641328514,0.18828357510203092,0.2187421454923006,0.5901794745649457,0.5565324362233965,0.6270281092607556,2000,
slam-robustness-v1,common_matched,WTA,Wimbledon,market_odds,all,all,2007,2025,2242,28.813136623490884,28.201695671575187,-0.6114409519156976,27.853484293977235,29.646955222398635,26.31578947368421,30.14332614152646,-2.4285061530742587,1.0664026504157027,0.1841270603417615,0.1763024329514818,0.19215931725628363,0.5459873969003456,0.5274746418811097,0.5643137012020569,2000,
slam-robustness-v1,common_matched,WTA,Wimbledon,market_odds,era,2000-2009,2007,2009,373,25.985756121524734,25.46916890080429,-0.5165872207204436,22.93482339213154,28.011556440323677,19.841269841269842,30.081300813008127,-3.0935535508616994,3.0124692087803133,0.16260367181470145,0.14506211984266312,0.1747699503338554,0.49372398360627434,0.4533964802771992,0.5180985914617477,2000,
slam-robustness-v1,common_matched,WTA,Wimbledon,market_odds,era,2010-2019,2010,2019,1249,29.171749541397993,28.022417934347477,-1.1493316070505153,28.32264749503393,30.007665986007215,25.682128410914927,30.493899896987653,-3.8077007377824916,1.1117687389116895,0.1854751946500983,0.1774778414230435,0.19475777725507157,0.5502691214207409,0.5310470801319269,0.5724819455014385,2000,
slam-robustness-v1,common_matched,WTA,Wimbledon,market_odds,era,2020-2025,2021,2025,620,29.79327457626542,30.21001615508885,0.41674157882343327,29.193278223618766,30.42824233518558,27.62520193861066,33.33333333333333,-2.353072970885292,3.990130799419674,0.19435997029253715,0.18530298742242443,0.20448311272983474,0.5688041375982733,0.5493230320968966,0.5893945846710662,2000,
slam-robustness-v1,common_matched,WTA,US Open,overall_elo,all,all,2007,2025,2375,27.610592756631334,28.126315789473683,0.5157230328423505,26.803756872078644,28.416226949259336,26.934297848683524,29.545526497563223,-0.7219789482019061,1.8566968182595656,0.1867206682958847,0.18031682013406378,0.1937528786623487,0.5531654147609345,0.5364049233216703,0.5706158420714471,2000,
slam-robustness-v1,common_matched,WTA,US Open,overall_elo,era,2000-2009,2007,2009,379,25.35066583461745,25.857519788918207,0.506853954300758,24.502760911694807,25.830198978151905,23.809523809523807,26.984126984126984,-1.9162432086319907,2.2688926316122786,0.17016948747549454,0.15542658628281752,0.17963507539709295,0.5135884048028406,0.466487463476223,0.5385855568898527,2000,
slam-robustness-v1,common_matched,WTA,US Open,overall_elo,era,2010-2019,2010,2019,1247,27.778475545675388,28.708901363271853,0.930425817596463,26.532034627433774,28.96839749589412,26.735715121068534,31.095123900879294,-1.2855365568664423,3.276272861343644,0.19114212484754986,0.18240250782436826,0.2005977187312804,0.5634799781017474,0.5417110347791682,0.5867639538223719,2000,
slam-robustness-v1,common_matched,WTA,US Open,overall_elo,era,2020-2025,2020,2025,749,28.47462809108431,28.30440587449933,-0.170222216584978,27.836168291758554,28.987717832113734,27.211474276883116,29.333731739707833,-0.7393528137505168,0.5459305978445866,0.18773447498613977,0.18194255636032042,0.1933614102648704,0.556019121420644,0.5392011812070175,0.5719282284342783,2000,
slam-robustness-v1,common_matched,WTA,US Open,surface_adjusted_elo,all,all,2007,2025,2375,27.923942893788368,28.505263157894735,0.5813202641063694,27.120332697573293,28.742663248880238,27.360390592631564,29.903210987768166,-0.6613742553373112,2.01860494284122,0.18654515375744257,0.18044361108718793,0.1927051165379608,0.5529388755921089,0.5372882357451221,0.5686296491603112,2000,
slam-robustness-v1,common_matched,WTA,US Open,surface_adjusted_elo,era,2000-2009,2007,2009,379,25.785116957259806,26.385224274406333,0.600107317146527,25.056576519932104,26.286273244513687,25.396825396825395,26.984126984126984,-0.6214577774711656,1.7150770233749812,0.17153086927896405,0.15810271481370802,0.17891777427977346,0.5178068570998059,0.47455591720195933,0.5450628976767907,2000,
slam-robustness-v1,common_matched,WTA,US Open,surface_adjusted_elo,era,2010-2019,2010,2019,1247,28.011549848012837,29.350441058540497,1.338891210527659,26.818459571192015,29.215622022355756,27.33050330728369,31.73951861267059,-1.0024115154897846,3.70666176885248,0.19044228148694436,0.18210339038493786,0.1993881575151333,0.5618046517892697,0.5403820012486743,0.5845510936511681,2000,
slam-robustness-v1,common_matched,WTA,US Open,surface_adjusted_elo,era,2020-2025,2020,2025,749,28.8603503143843,28.17089452603471,-0.6894557883495883,28.252224797741803,29.45593154179218,27.2972972972973,29.006622516556295,-1.4484806161603783,0.08425731014592272,0.18765422657273606,0.18156216839431155,0.19352322082267226,0.5559554471418029,0.5390378424347083,0.5721171665579441,2000,
slam-robustness-v1,common_matched,WTA,US Open,market_odds,all,all,2007,2025,2375,28.37160502045813,25.85407001265289,-2.51753500780524,27.597136112014567,29.048212234245568,24.45283888633383,27.399566962804112,-3.5847882863770817,-1.2936680463352324,0.17512652523932895,0.1689346566110562,0.18097757240225149,0.5255690183043815,0.5106225393513665,0.5400057255734111,2000,
slam-robustness-v1,common_matched,WTA,US Open,market_odds,era,2000-2009,2007,2009,379,26.373050610747576,23.482849604221634,-2.890201006525941,24.58193458211698,27.461881076589247,20.47244094488189,25.396825396825395,-4.109493637235088,-2.0650556797638497,0.15906465045826204,0.13833396920121485,0.171255894950137,0.4858358749310535,0.43503115655679814,0.5148991924912588,2000,
slam-robustness-v1,common_matched,WTA,US Open,market_odds,era,2010-2019,2010,2019,1247,28.489969648562827,26.929260450160772,-1.5607091984020565,27.656161332436294,29.331299820156005,25.08089962417789,29.32751102646351,-3.1389466076304435,0.33135586009615436,0.18198523739551722,0.17748529076068187,0.18707998203774778,0.5416612135343396,0.5311402148021472,0.553371847879357,2000,
slam-robustness-v1,common_matched,WTA,US Open,market_odds,era,2020-2025,2020,2025,749,29.187389143343264,25.267379679144387,-3.9200094641988787,28.310483814170464,29.97963687566993,23.128342245989305,27.503337783711615,-5.41029317345485,-2.326230991432575,0.17183498516357087,0.16205557455832031,0.18213329276565754,0.5188826283000225,0.4933802944667808,0.545159119252631,2000,
